代码,简称,日期,开盘价(元),收盘价(元)
002670.SZ,国盛金控,2012-04-16,4.09,3.82
002670.SZ,国盛金控,2012-04-17,3.99,4.13
002670.SZ,国盛金控,2012-04-18,3.99,4.02
002670.SZ,国盛金控,2012-04-19,3.98,4.03
002670.SZ,国盛金控,2012-04-20,4.02,4.04
002670.SZ,国盛金控,2012-04-23,3.98,3.81
002670.SZ,国盛金控,2012-04-24,3.75,3.64
002670.SZ,国盛金控,2012-04-25,3.59,3.64
002670.SZ,国盛金控,2012-04-26,3.66,3.71
002670.SZ,国盛金控,2012-04-27,3.71,3.66
002670.SZ,国盛金控,2012-05-02,3.68,3.78
002670.SZ,国盛金控,2012-05-03,3.75,3.75
002670.SZ,国盛金控,2012-05-04,3.76,3.76
002670.SZ,国盛金控,2012-05-07,3.76,3.73
002670.SZ,国盛金控,2012-05-08,3.72,3.81
002670.SZ,国盛金控,2012-05-09,3.75,3.71
002670.SZ,国盛金控,2012-05-10,3.71,3.72
002670.SZ,国盛金控,2012-05-11,3.71,3.65
002670.SZ,国盛金控,2012-05-14,3.68,3.63
002670.SZ,国盛金控,2012-05-15,3.60,3.67
002670.SZ,国盛金控,2012-05-16,3.67,3.63
002670.SZ,国盛金控,2012-05-17,3.68,3.70
002670.SZ,国盛金控,2012-05-18,3.66,3.64
002670.SZ,国盛金控,2012-05-21,3.65,3.64
002670.SZ,国盛金控,2012-05-22,3.66,3.69
002670.SZ,国盛金控,2012-05-23,3.68,3.69
002670.SZ,国盛金控,2012-05-24,3.68,3.62
002670.SZ,国盛金控,2012-05-25,3.63,3.48
002670.SZ,国盛金控,2012-05-28,3.47,3.47
002670.SZ,国盛金控,2012-05-29,3.46,3.51
002670.SZ,国盛金控,2012-05-30,3.51,3.51
002670.SZ,国盛金控,2012-05-31,3.48,3.53
002670.SZ,国盛金控,2012-06-01,3.52,3.54
002670.SZ,国盛金控,2012-06-04,3.49,3.38
002670.SZ,国盛金控,2012-06-05,3.38,3.39
002670.SZ,国盛金控,2012-06-06,3.40,3.37
002670.SZ,国盛金控,2012-06-07,3.39,3.35
002670.SZ,国盛金控,2012-06-08,3.39,3.36
002670.SZ,国盛金控,2012-06-11,3.36,3.42
002670.SZ,国盛金控,2012-06-12,3.40,3.39
002670.SZ,国盛金控,2012-06-13,3.39,3.46
002670.SZ,国盛金控,2012-06-14,3.45,3.44
002670.SZ,国盛金控,2012-06-15,3.44,3.45
002670.SZ,国盛金控,2012-06-18,3.46,3.48
002670.SZ,国盛金控,2012-06-19,3.48,3.45
002670.SZ,国盛金控,2012-06-20,3.46,3.45
002670.SZ,国盛金控,2012-06-21,3.45,3.45
002670.SZ,国盛金控,2012-06-25,3.39,3.33
002670.SZ,国盛金控,2012-06-26,3.28,3.34
002670.SZ,国盛金控,2012-06-27,3.36,3.37
002670.SZ,国盛金控,2012-06-28,3.37,3.32
002670.SZ,国盛金控,2012-06-29,3.30,3.39
002670.SZ,国盛金控,2012-07-02,3.39,3.39
002670.SZ,国盛金控,2012-07-03,3.40,3.46
002670.SZ,国盛金控,2012-07-04,3.45,3.45
002670.SZ,国盛金控,2012-07-05,3.45,3.36
002670.SZ,国盛金控,2012-07-06,3.39,3.44
002670.SZ,国盛金控,2012-07-09,3.41,3.36
002670.SZ,国盛金控,2012-07-10,3.35,3.32
002670.SZ,国盛金控,2012-07-11,3.32,3.33
002670.SZ,国盛金控,2012-07-12,3.35,3.32
002670.SZ,国盛金控,2012-07-13,3.30,3.23
002670.SZ,国盛金控,2012-07-16,3.22,2.94
002670.SZ,国盛金控,2012-07-17,2.92,2.96
002670.SZ,国盛金控,2012-07-18,2.96,3.00
002670.SZ,国盛金控,2012-07-19,2.98,3.03
002670.SZ,国盛金控,2012-07-20,3.01,3.03
002670.SZ,国盛金控,2012-07-23,2.99,3.03
002670.SZ,国盛金控,2012-07-24,3.00,3.04
002670.SZ,国盛金控,2012-07-25,3.02,3.06
002670.SZ,国盛金控,2012-07-26,3.03,3.08
002670.SZ,国盛金控,2012-07-27,3.10,3.06
002670.SZ,国盛金控,2012-07-30,3.07,2.96
002670.SZ,国盛金控,2012-07-31,2.95,2.88
002670.SZ,国盛金控,2012-08-01,2.88,2.92
002670.SZ,国盛金控,2012-08-02,2.93,2.86
002670.SZ,国盛金控,2012-08-03,2.86,2.95
002670.SZ,国盛金控,2012-08-06,2.93,3.03
002670.SZ,国盛金控,2012-08-07,3.03,3.04
002670.SZ,国盛金控,2012-08-08,3.04,3.06
002670.SZ,国盛金控,2012-08-09,3.04,3.11
002670.SZ,国盛金控,2012-08-10,3.11,3.08
002670.SZ,国盛金控,2012-08-13,3.08,3.02
002670.SZ,国盛金控,2012-08-14,3.00,3.06
002670.SZ,国盛金控,2012-08-15,3.04,3.05
002670.SZ,国盛金控,2012-08-16,3.06,3.03
002670.SZ,国盛金控,2012-08-17,3.03,3.00
002670.SZ,国盛金控,2012-08-20,2.99,3.01
002670.SZ,国盛金控,2012-08-21,2.99,3.07
002670.SZ,国盛金控,2012-08-22,3.07,3.07
002670.SZ,国盛金控,2012-08-23,3.06,3.17
002670.SZ,国盛金控,2012-08-24,3.18,3.04
002670.SZ,国盛金控,2012-08-27,3.05,3.02
002670.SZ,国盛金控,2012-08-28,3.02,3.07
002670.SZ,国盛金控,2012-08-29,3.06,3.08
002670.SZ,国盛金控,2012-08-30,3.06,3.02
002670.SZ,国盛金控,2012-08-31,3.03,3.04
002670.SZ,国盛金控,2012-09-03,3.02,3.12
002670.SZ,国盛金控,2012-09-04,3.12,3.16
002670.SZ,国盛金控,2012-09-05,3.12,3.21
002670.SZ,国盛金控,2012-09-06,3.19,3.25
002670.SZ,国盛金控,2012-09-07,3.25,3.27
002670.SZ,国盛金控,2012-09-10,3.26,3.27
002670.SZ,国盛金控,2012-09-11,3.27,3.23
002670.SZ,国盛金控,2012-09-12,3.24,3.28
002670.SZ,国盛金控,2012-09-13,3.28,3.18
002670.SZ,国盛金控,2012-09-14,3.22,3.19
002670.SZ,国盛金控,2012-09-17,3.21,3.12
002670.SZ,国盛金控,2012-09-18,3.11,3.12
002670.SZ,国盛金控,2012-09-19,3.13,3.20
002670.SZ,国盛金控,2012-09-20,3.18,3.07
002670.SZ,国盛金控,2012-09-21,3.07,3.05
002670.SZ,国盛金控,2012-09-24,3.04,3.07
002670.SZ,国盛金控,2012-09-25,3.06,3.04
002670.SZ,国盛金控,2012-09-26,3.04,2.96
002670.SZ,国盛金控,2012-09-27,2.96,3.02
002670.SZ,国盛金控,2012-09-28,3.04,3.07
002670.SZ,国盛金控,2012-10-08,3.08,3.06
002670.SZ,国盛金控,2012-10-09,3.05,3.16
002670.SZ,国盛金控,2012-10-10,3.16,3.19
002670.SZ,国盛金控,2012-10-11,3.18,3.13
002670.SZ,国盛金控,2012-10-12,3.14,3.13
002670.SZ,国盛金控,2012-10-15,3.11,3.03
002670.SZ,国盛金控,2012-10-16,3.02,3.02
002670.SZ,国盛金控,2012-10-17,3.02,3.04
002670.SZ,国盛金控,2012-10-18,3.04,3.08
002670.SZ,国盛金控,2012-10-19,3.08,3.09
002670.SZ,国盛金控,2012-10-22,3.08,3.12
002670.SZ,国盛金控,2012-10-23,3.12,3.11
002670.SZ,国盛金控,2012-10-24,3.09,3.08
002670.SZ,国盛金控,2012-10-25,3.08,3.04
002670.SZ,国盛金控,2012-10-26,3.04,3.01
002670.SZ,国盛金控,2012-10-29,3.03,3.02
002670.SZ,国盛金控,2012-10-30,3.03,3.02
002670.SZ,国盛金控,2012-10-31,3.03,3.03
002670.SZ,国盛金控,2012-11-01,3.03,3.08
002670.SZ,国盛金控,2012-11-02,3.08,3.09
002670.SZ,国盛金控,2012-11-05,3.09,3.07
002670.SZ,国盛金控,2012-11-06,3.07,3.04
002670.SZ,国盛金控,2012-11-07,3.03,3.04
002670.SZ,国盛金控,2012-11-08,3.03,3.00
002670.SZ,国盛金控,2012-11-09,2.97,2.98
002670.SZ,国盛金控,2012-11-12,3.00,3.04
002670.SZ,国盛金控,2012-11-13,3.03,2.96
002670.SZ,国盛金控,2012-11-14,2.98,2.99
002670.SZ,国盛金控,2012-11-15,2.99,2.97
002670.SZ,国盛金控,2012-11-16,2.99,2.92
002670.SZ,国盛金控,2012-11-19,2.94,2.92
002670.SZ,国盛金控,2012-11-20,2.92,2.93
002670.SZ,国盛金控,2012-11-21,2.94,2.96
002670.SZ,国盛金控,2012-11-22,2.94,2.96
002670.SZ,国盛金控,2012-11-23,2.95,2.96
002670.SZ,国盛金控,2012-11-26,2.96,2.92
002670.SZ,国盛金控,2012-11-27,2.90,2.76
002670.SZ,国盛金控,2012-11-28,2.76,2.73
002670.SZ,国盛金控,2012-11-29,2.73,2.67
002670.SZ,国盛金控,2012-11-30,2.67,2.69
002670.SZ,国盛金控,2012-12-03,2.69,2.60
002670.SZ,国盛金控,2012-12-04,2.59,2.63
002670.SZ,国盛金控,2012-12-05,2.60,2.71
002670.SZ,国盛金控,2012-12-06,2.70,2.71
002670.SZ,国盛金控,2012-12-07,2.71,2.75
002670.SZ,国盛金控,2012-12-10,2.76,2.78
002670.SZ,国盛金控,2012-12-11,2.78,2.74
002670.SZ,国盛金控,2012-12-12,2.74,2.75
002670.SZ,国盛金控,2012-12-13,2.74,2.71
002670.SZ,国盛金控,2012-12-14,2.69,2.86
002670.SZ,国盛金控,2012-12-17,2.85,2.85
002670.SZ,国盛金控,2012-12-18,2.85,2.84
002670.SZ,国盛金控,2012-12-19,2.82,2.91
002670.SZ,国盛金控,2012-12-20,2.92,3.06
002670.SZ,国盛金控,2012-12-21,3.08,3.16
002670.SZ,国盛金控,2012-12-24,3.20,3.11
002670.SZ,国盛金控,2012-12-25,3.09,3.19
002670.SZ,国盛金控,2012-12-26,3.19,3.33
002670.SZ,国盛金控,2012-12-27,3.34,3.15
002670.SZ,国盛金控,2012-12-28,3.17,3.16
002670.SZ,国盛金控,2012-12-31,3.17,3.16
002670.SZ,国盛金控,2013-01-04,3.18,3.17
002670.SZ,国盛金控,2013-01-07,3.15,3.18
002670.SZ,国盛金控,2013-01-08,3.17,3.20
002670.SZ,国盛金控,2013-01-09,3.18,3.17
002670.SZ,国盛金控,2013-01-10,3.16,3.17
002670.SZ,国盛金控,2013-01-11,3.17,3.11
002670.SZ,国盛金控,2013-01-14,3.09,3.21
002670.SZ,国盛金控,2013-01-15,3.21,3.25
002670.SZ,国盛金控,2013-01-16,3.25,3.22
002670.SZ,国盛金控,2013-01-17,3.22,3.18
002670.SZ,国盛金控,2013-01-18,3.18,3.23
002670.SZ,国盛金控,2013-01-21,3.25,3.29
002670.SZ,国盛金控,2013-01-22,3.27,3.19
002670.SZ,国盛金控,2013-01-23,3.17,3.16
002670.SZ,国盛金控,2013-01-24,3.16,3.09
002670.SZ,国盛金控,2013-01-25,3.08,3.07
002670.SZ,国盛金控,2013-01-28,3.06,3.15
002670.SZ,国盛金控,2013-01-29,3.13,3.16
002670.SZ,国盛金控,2013-01-30,3.17,3.17
002670.SZ,国盛金控,2013-01-31,3.17,3.19
002670.SZ,国盛金控,2013-02-01,3.15,3.21
002670.SZ,国盛金控,2013-02-04,3.21,3.20
002670.SZ,国盛金控,2013-02-05,3.18,3.27
002670.SZ,国盛金控,2013-02-06,3.26,3.33
002670.SZ,国盛金控,2013-02-07,3.29,3.35
002670.SZ,国盛金控,2013-02-08,3.33,3.33
002670.SZ,国盛金控,2013-02-18,3.33,3.31
002670.SZ,国盛金控,2013-02-19,3.30,3.37
002670.SZ,国盛金控,2013-02-20,3.36,3.53
002670.SZ,国盛金控,2013-02-21,3.44,3.40
002670.SZ,国盛金控,2013-02-22,3.39,3.33
002670.SZ,国盛金控,2013-02-25,3.36,3.34
002670.SZ,国盛金控,2013-02-26,3.32,3.28
002670.SZ,国盛金控,2013-02-27,3.29,3.30
002670.SZ,国盛金控,2013-02-28,3.31,3.33
002670.SZ,国盛金控,2013-03-01,3.34,3.40
002670.SZ,国盛金控,2013-03-04,3.37,3.27
002670.SZ,国盛金控,2013-03-05,3.27,3.33
002670.SZ,国盛金控,2013-03-06,3.34,3.37
002670.SZ,国盛金控,2013-03-07,3.37,3.32
002670.SZ,国盛金控,2013-03-08,3.32,3.31
002670.SZ,国盛金控,2013-03-11,3.30,3.33
002670.SZ,国盛金控,2013-03-12,3.31,3.18
002670.SZ,国盛金控,2013-03-13,3.18,3.14
002670.SZ,国盛金控,2013-03-14,3.14,3.14
002670.SZ,国盛金控,2013-03-15,3.14,3.15
002670.SZ,国盛金控,2013-03-18,3.13,3.10
002670.SZ,国盛金控,2013-03-19,3.08,3.09
002670.SZ,国盛金控,2013-03-20,3.09,3.16
002670.SZ,国盛金控,2013-03-21,3.15,3.17
002670.SZ,国盛金控,2013-03-22,3.15,3.17
002670.SZ,国盛金控,2013-03-25,3.17,3.21
002670.SZ,国盛金控,2013-03-26,3.19,3.17
002670.SZ,国盛金控,2013-03-27,3.15,3.16
002670.SZ,国盛金控,2013-03-28,3.13,3.03
002670.SZ,国盛金控,2013-03-29,3.04,3.04
002670.SZ,国盛金控,2013-04-01,3.04,3.06
002670.SZ,国盛金控,2013-04-02,3.06,3.05
002670.SZ,国盛金控,2013-04-03,3.05,3.00
002670.SZ,国盛金控,2013-04-08,2.96,3.00
002670.SZ,国盛金控,2013-04-09,2.98,3.03
002670.SZ,国盛金控,2013-04-10,3.01,3.03
002670.SZ,国盛金控,2013-04-11,3.04,3.00
002670.SZ,国盛金控,2013-04-12,2.99,2.96
002670.SZ,国盛金控,2013-04-15,2.94,2.90
002670.SZ,国盛金控,2013-04-16,2.90,2.95
002670.SZ,国盛金控,2013-04-17,2.95,2.96
002670.SZ,国盛金控,2013-04-18,2.96,3.01
002670.SZ,国盛金控,2013-04-19,3.01,3.07
002670.SZ,国盛金控,2013-04-22,3.06,3.07
002670.SZ,国盛金控,2013-04-23,3.08,3.00
002670.SZ,国盛金控,2013-04-24,3.00,3.05
002670.SZ,国盛金控,2013-04-25,3.05,3.02
002670.SZ,国盛金控,2013-04-26,3.02,2.97
002670.SZ,国盛金控,2013-05-02,2.96,2.98
002670.SZ,国盛金控,2013-05-03,3.00,3.05
002670.SZ,国盛金控,2013-05-06,3.07,3.13
002670.SZ,国盛金控,2013-05-07,3.13,3.11
002670.SZ,国盛金控,2013-05-08,3.11,3.13
002670.SZ,国盛金控,2013-05-09,3.12,3.15
002670.SZ,国盛金控,2013-05-10,3.14,3.16
002670.SZ,国盛金控,2013-05-13,3.15,3.20
002670.SZ,国盛金控,2013-05-14,3.18,3.16
002670.SZ,国盛金控,2013-05-15,3.16,3.22
002670.SZ,国盛金控,2013-05-16,3.22,3.24
002670.SZ,国盛金控,2013-05-17,3.24,3.29
002670.SZ,国盛金控,2013-05-20,3.32,3.37
002670.SZ,国盛金控,2013-05-21,3.35,3.40
002670.SZ,国盛金控,2013-05-22,3.40,3.32
002670.SZ,国盛金控,2013-05-23,3.30,3.29
002670.SZ,国盛金控,2013-05-24,3.32,3.36
002670.SZ,国盛金控,2013-05-27,3.35,3.38
002670.SZ,国盛金控,2013-05-28,3.37,3.39
002670.SZ,国盛金控,2013-05-29,3.38,3.42
002670.SZ,国盛金控,2013-05-30,3.40,3.46
002670.SZ,国盛金控,2013-05-31,3.47,3.44
002670.SZ,国盛金控,2013-06-03,3.42,3.42
002670.SZ,国盛金控,2013-06-04,3.42,3.34
002670.SZ,国盛金控,2013-06-05,3.33,3.47
002670.SZ,国盛金控,2013-06-06,3.59,3.29
002670.SZ,国盛金控,2013-06-07,3.27,3.19
002670.SZ,国盛金控,2013-06-13,3.17,3.08
002670.SZ,国盛金控,2013-06-14,3.09,3.16
002670.SZ,国盛金控,2013-06-17,3.15,3.16
002670.SZ,国盛金控,2013-06-18,3.18,3.14
002670.SZ,国盛金控,2013-06-19,3.13,3.12
002670.SZ,国盛金控,2013-06-20,3.09,3.04
002670.SZ,国盛金控,2013-06-21,3.01,3.07
002670.SZ,国盛金控,2013-06-24,3.10,2.90
002670.SZ,国盛金控,2013-06-25,2.89,2.91
002670.SZ,国盛金控,2013-06-26,2.91,2.95
002670.SZ,国盛金控,2013-06-27,2.95,2.87
002670.SZ,国盛金控,2013-06-28,2.87,2.88
002670.SZ,国盛金控,2013-07-01,2.90,2.94
002670.SZ,国盛金控,2013-07-02,2.95,3.00
002670.SZ,国盛金控,2013-07-03,2.99,2.98
002670.SZ,国盛金控,2013-07-04,2.96,3.02
002670.SZ,国盛金控,2013-07-05,3.02,3.01
002670.SZ,国盛金控,2013-07-08,2.96,2.87
002670.SZ,国盛金控,2013-07-09,2.82,2.88
002670.SZ,国盛金控,2013-07-10,2.89,2.97
002670.SZ,国盛金控,2013-07-11,2.97,3.04
002670.SZ,国盛金控,2013-07-12,3.03,2.99
002670.SZ,国盛金控,2013-07-15,3.00,3.06
002670.SZ,国盛金控,2013-07-16,3.06,3.15
002670.SZ,国盛金控,2013-07-17,3.21,3.10
002670.SZ,国盛金控,2013-07-18,3.09,3.08
002670.SZ,国盛金控,2013-07-19,3.08,3.03
002670.SZ,国盛金控,2013-07-22,3.00,3.08
002670.SZ,国盛金控,2013-07-23,3.08,3.14
002670.SZ,国盛金控,2013-07-24,3.13,3.14
002670.SZ,国盛金控,2013-07-25,3.14,3.07
002670.SZ,国盛金控,2013-07-26,3.06,3.09
002670.SZ,国盛金控,2013-07-29,3.08,3.15
002670.SZ,国盛金控,2013-07-30,3.15,3.15
002670.SZ,国盛金控,2013-07-31,3.19,3.19
002670.SZ,国盛金控,2013-08-01,3.20,3.24
002670.SZ,国盛金控,2013-08-02,3.23,3.22
002670.SZ,国盛金控,2013-08-05,3.23,3.27
002670.SZ,国盛金控,2013-08-06,3.27,3.32
002670.SZ,国盛金控,2013-08-07,3.31,3.23
002670.SZ,国盛金控,2013-08-08,3.23,3.27
002670.SZ,国盛金控,2013-08-09,3.28,3.32
002670.SZ,国盛金控,2013-08-12,3.33,3.32
002670.SZ,国盛金控,2013-08-13,3.31,3.32
002670.SZ,国盛金控,2013-08-14,3.31,3.29
002670.SZ,国盛金控,2013-08-15,3.30,3.23
002670.SZ,国盛金控,2013-08-16,3.22,3.18
002670.SZ,国盛金控,2013-08-19,3.18,3.27
002670.SZ,国盛金控,2013-08-20,3.24,3.32
002670.SZ,国盛金控,2013-08-21,3.32,3.36
002670.SZ,国盛金控,2013-08-22,3.35,3.35
002670.SZ,国盛金控,2013-08-23,3.36,3.31
002670.SZ,国盛金控,2013-08-26,3.31,3.36
002670.SZ,国盛金控,2013-08-27,3.36,3.36
002670.SZ,国盛金控,2013-08-28,3.32,3.28
002670.SZ,国盛金控,2013-08-29,3.28,3.29
002670.SZ,国盛金控,2013-08-30,3.29,3.27
002670.SZ,国盛金控,2013-09-02,3.27,3.30
002670.SZ,国盛金控,2013-09-03,3.29,3.35
002670.SZ,国盛金控,2013-09-04,3.36,3.33
002670.SZ,国盛金控,2013-09-05,3.32,3.29
002670.SZ,国盛金控,2013-09-06,3.28,3.40
002670.SZ,国盛金控,2013-09-09,3.39,3.40
002670.SZ,国盛金控,2013-09-10,3.40,3.51
002670.SZ,国盛金控,2013-09-11,3.48,3.53
002670.SZ,国盛金控,2013-09-12,3.57,3.74
002670.SZ,国盛金控,2013-09-13,3.77,3.64
002670.SZ,国盛金控,2013-09-16,3.64,3.73
002670.SZ,国盛金控,2013-09-17,3.78,3.68
002670.SZ,国盛金控,2013-09-18,3.75,3.69
002670.SZ,国盛金控,2013-09-23,3.70,3.68
002670.SZ,国盛金控,2013-09-24,3.68,3.76
002670.SZ,国盛金控,2013-09-25,3.75,3.75
002670.SZ,国盛金控,2013-09-26,3.73,3.76
002670.SZ,国盛金控,2013-09-27,3.77,3.93
002670.SZ,国盛金控,2013-09-30,3.92,3.98
002670.SZ,国盛金控,2013-10-08,3.99,4.02
002670.SZ,国盛金控,2013-10-09,4.08,3.96
002670.SZ,国盛金控,2013-10-10,3.96,3.87
002670.SZ,国盛金控,2013-10-11,3.91,3.90
002670.SZ,国盛金控,2013-10-14,3.93,3.94
002670.SZ,国盛金控,2013-10-15,3.95,3.81
002670.SZ,国盛金控,2013-10-16,3.82,3.69
002670.SZ,国盛金控,2013-10-17,3.70,3.76
002670.SZ,国盛金控,2013-10-18,3.83,3.84
002670.SZ,国盛金控,2013-10-21,3.87,3.96
002670.SZ,国盛金控,2013-10-22,3.98,4.08
002670.SZ,国盛金控,2013-10-23,4.01,4.18
002670.SZ,国盛金控,2013-10-24,4.14,4.10
002670.SZ,国盛金控,2013-10-25,4.08,3.95
002670.SZ,国盛金控,2013-10-28,3.93,3.96
002670.SZ,国盛金控,2013-10-29,4.03,4.07
002670.SZ,国盛金控,2013-10-30,4.04,4.40
002670.SZ,国盛金控,2013-10-31,4.32,4.34
002670.SZ,国盛金控,2013-11-01,4.27,4.52
002670.SZ,国盛金控,2013-11-04,4.46,4.54
002670.SZ,国盛金控,2013-11-05,4.54,4.46
002670.SZ,国盛金控,2013-11-06,4.41,4.35
002670.SZ,国盛金控,2013-11-07,4.32,4.43
002670.SZ,国盛金控,2013-11-08,4.41,4.33
002670.SZ,国盛金控,2013-11-11,4.31,4.43
002670.SZ,国盛金控,2013-11-12,4.45,4.40
002670.SZ,国盛金控,2013-11-13,4.39,4.27
002670.SZ,国盛金控,2013-11-14,4.20,4.51
002670.SZ,国盛金控,2013-11-15,4.48,4.63
002670.SZ,国盛金控,2013-11-18,4.65,4.64
002670.SZ,国盛金控,2013-11-19,4.61,4.72
002670.SZ,国盛金控,2013-11-20,4.74,4.67
002670.SZ,国盛金控,2013-11-21,4.62,4.58
002670.SZ,国盛金控,2013-11-22,4.58,4.58
002670.SZ,国盛金控,2013-11-25,4.55,4.76
002670.SZ,国盛金控,2013-11-26,4.76,4.62
002670.SZ,国盛金控,2013-11-27,4.65,4.73
002670.SZ,国盛金控,2013-11-28,4.69,4.72
002670.SZ,国盛金控,2013-11-29,4.72,5.00
002670.SZ,国盛金控,2013-12-02,4.75,4.50
002670.SZ,国盛金控,2013-12-03,4.38,4.54
002670.SZ,国盛金控,2013-12-04,4.49,4.83
002670.SZ,国盛金控,2013-12-05,4.79,4.84
002670.SZ,国盛金控,2013-12-06,4.81,4.56
002670.SZ,国盛金控,2013-12-09,4.58,4.94
002670.SZ,国盛金控,2013-12-10,4.95,5.03
002670.SZ,国盛金控,2013-12-11,4.95,4.95
002670.SZ,国盛金控,2013-12-12,4.93,5.25
002670.SZ,国盛金控,2013-12-13,5.20,5.77
002670.SZ,国盛金控,2013-12-16,5.83,5.86
002670.SZ,国盛金控,2013-12-17,5.78,5.31
002670.SZ,国盛金控,2013-12-18,5.29,5.36
002670.SZ,国盛金控,2013-12-19,5.36,5.19
002670.SZ,国盛金控,2013-12-20,5.21,5.11
002670.SZ,国盛金控,2013-12-23,5.11,5.12
002670.SZ,国盛金控,2013-12-24,5.16,5.20
002670.SZ,国盛金控,2013-12-25,5.23,5.48
002670.SZ,国盛金控,2013-12-26,5.48,5.18
002670.SZ,国盛金控,2013-12-27,5.12,5.36
002670.SZ,国盛金控,2013-12-30,5.37,5.63
002670.SZ,国盛金控,2013-12-31,5.54,5.57
002670.SZ,国盛金控,2014-01-02,5.53,5.66
002670.SZ,国盛金控,2014-01-03,5.62,5.63
002670.SZ,国盛金控,2014-01-06,5.59,5.30
002670.SZ,国盛金控,2014-01-07,5.25,5.39
002670.SZ,国盛金控,2014-01-08,5.39,5.23
002670.SZ,国盛金控,2014-01-09,5.19,4.96
002670.SZ,国盛金控,2014-01-10,4.95,4.62
002670.SZ,国盛金控,2014-01-13,4.61,4.70
002670.SZ,国盛金控,2014-01-14,4.66,4.76
002670.SZ,国盛金控,2014-01-15,4.75,4.79
002670.SZ,国盛金控,2014-01-16,4.78,4.74
002670.SZ,国盛金控,2014-01-17,4.72,4.58
002670.SZ,国盛金控,2014-01-20,4.58,4.61
002670.SZ,国盛金控,2014-01-21,4.61,4.66
002670.SZ,国盛金控,2014-01-22,4.61,4.79
002670.SZ,国盛金控,2014-01-23,4.77,4.78
002670.SZ,国盛金控,2014-01-24,4.77,4.91
002670.SZ,国盛金控,2014-01-27,4.92,4.86
002670.SZ,国盛金控,2014-01-28,4.82,4.73
002670.SZ,国盛金控,2014-01-29,4.74,4.90
002670.SZ,国盛金控,2014-01-30,4.86,4.86
002670.SZ,国盛金控,2014-02-07,4.85,5.01
002670.SZ,国盛金控,2014-02-10,5.04,5.19
002670.SZ,国盛金控,2014-02-11,5.19,5.22
002670.SZ,国盛金控,2014-02-12,5.23,5.29
002670.SZ,国盛金控,2014-02-13,5.26,5.07
002670.SZ,国盛金控,2014-02-14,5.10,5.20
002670.SZ,国盛金控,2014-02-17,5.19,5.46
002670.SZ,国盛金控,2014-02-18,5.44,5.52
002670.SZ,国盛金控,2014-02-19,5.53,5.51
002670.SZ,国盛金控,2014-02-20,5.50,5.32
002670.SZ,国盛金控,2014-02-21,5.32,5.22
002670.SZ,国盛金控,2014-02-24,5.19,5.54
002670.SZ,国盛金控,2014-02-25,5.58,5.36
002670.SZ,国盛金控,2014-02-26,5.27,5.67
002670.SZ,国盛金控,2014-02-27,5.59,5.59
002670.SZ,国盛金控,2014-02-28,5.54,5.43
002670.SZ,国盛金控,2014-03-03,5.41,5.56
002670.SZ,国盛金控,2014-03-04,5.53,5.32
002670.SZ,国盛金控,2014-03-05,5.32,5.14
002670.SZ,国盛金控,2014-03-06,5.14,5.21
002670.SZ,国盛金控,2014-03-07,5.18,5.04
002670.SZ,国盛金控,2014-03-10,4.98,4.77
002670.SZ,国盛金控,2014-03-11,4.77,4.82
002670.SZ,国盛金控,2014-03-12,4.77,4.69
002670.SZ,国盛金控,2014-03-13,4.69,4.78
002670.SZ,国盛金控,2014-03-14,4.75,4.78
002670.SZ,国盛金控,2014-03-17,4.78,4.90
002670.SZ,国盛金控,2014-03-18,4.87,4.89
002670.SZ,国盛金控,2014-03-19,4.87,4.77
002670.SZ,国盛金控,2014-03-20,4.77,4.59
002670.SZ,国盛金控,2014-03-21,4.53,4.67
002670.SZ,国盛金控,2014-03-24,4.69,4.70
002670.SZ,国盛金控,2014-03-25,4.70,4.70
002670.SZ,国盛金控,2014-03-26,4.72,4.75
002670.SZ,国盛金控,2014-03-27,4.74,4.57
002670.SZ,国盛金控,2014-03-28,4.58,4.37
002670.SZ,国盛金控,2014-03-31,4.38,4.35
002670.SZ,国盛金控,2014-04-01,4.31,4.42
002670.SZ,国盛金控,2014-04-02,4.42,4.35
002670.SZ,国盛金控,2014-04-03,4.35,4.40
002670.SZ,国盛金控,2014-04-04,4.40,4.52
002670.SZ,国盛金控,2014-04-08,4.49,4.56
002670.SZ,国盛金控,2014-04-09,4.56,4.57
002670.SZ,国盛金控,2014-04-10,4.57,4.60
002670.SZ,国盛金控,2014-04-11,4.58,4.51
002670.SZ,国盛金控,2014-04-14,4.50,4.61
002670.SZ,国盛金控,2014-04-15,4.62,4.55
002670.SZ,国盛金控,2014-04-16,4.51,4.55
002670.SZ,国盛金控,2014-04-17,4.57,4.59
002670.SZ,国盛金控,2014-04-18,4.62,4.66
002670.SZ,国盛金控,2014-04-21,4.63,4.53
002670.SZ,国盛金控,2014-04-22,4.53,4.48
002670.SZ,国盛金控,2014-04-23,4.48,4.43
002670.SZ,国盛金控,2014-04-24,4.44,4.43
002670.SZ,国盛金控,2014-04-25,4.41,4.33
002670.SZ,国盛金控,2014-04-28,4.33,4.06
002670.SZ,国盛金控,2014-04-29,4.06,4.11
002670.SZ,国盛金控,2014-04-30,4.10,4.18
002670.SZ,国盛金控,2014-05-05,4.15,4.21
002670.SZ,国盛金控,2014-05-06,4.21,4.22
002670.SZ,国盛金控,2014-05-07,4.20,4.17
002670.SZ,国盛金控,2014-05-08,4.18,4.19
002670.SZ,国盛金控,2014-05-09,4.19,4.17
002670.SZ,国盛金控,2014-05-12,4.18,4.30
002670.SZ,国盛金控,2014-05-13,4.31,4.27
002670.SZ,国盛金控,2014-05-14,4.28,4.27
002670.SZ,国盛金控,2014-05-15,4.27,4.20
002670.SZ,国盛金控,2014-05-16,4.18,4.17
002670.SZ,国盛金控,2014-05-19,4.18,4.19
002670.SZ,国盛金控,2014-05-20,4.26,4.21
002670.SZ,国盛金控,2014-05-21,4.19,4.27
002670.SZ,国盛金控,2014-05-22,4.27,4.27
002670.SZ,国盛金控,2014-05-23,4.30,4.30
002670.SZ,国盛金控,2014-05-26,4.32,4.34
002670.SZ,国盛金控,2014-05-27,4.35,4.34
002670.SZ,国盛金控,2014-05-28,4.34,4.61
002670.SZ,国盛金控,2014-05-29,4.55,4.46
002670.SZ,国盛金控,2014-05-30,4.48,4.44
002670.SZ,国盛金控,2014-06-03,4.44,4.45
002670.SZ,国盛金控,2014-06-04,4.44,4.35
002670.SZ,国盛金控,2014-06-05,4.33,4.44
002670.SZ,国盛金控,2014-06-06,4.44,4.46
002670.SZ,国盛金控,2014-06-09,4.46,4.47
002670.SZ,国盛金控,2014-06-10,4.47,4.52
002670.SZ,国盛金控,2014-06-11,4.53,4.58
002670.SZ,国盛金控,2014-06-12,4.58,4.53
002670.SZ,国盛金控,2014-06-13,4.53,4.60
002670.SZ,国盛金控,2014-06-16,4.63,4.59
002670.SZ,国盛金控,2014-06-17,4.60,4.52
002670.SZ,国盛金控,2014-06-18,4.53,4.47
002670.SZ,国盛金控,2014-06-19,4.46,4.36
002670.SZ,国盛金控,2014-06-20,4.36,4.44
002670.SZ,国盛金控,2014-06-23,4.59,4.55
002670.SZ,国盛金控,2014-06-24,4.53,4.59
002670.SZ,国盛金控,2014-06-25,4.58,4.54
002670.SZ,国盛金控,2014-06-26,4.52,4.65
002670.SZ,国盛金控,2014-06-27,4.64,4.75
002670.SZ,国盛金控,2014-06-30,4.79,4.75
002670.SZ,国盛金控,2014-07-01,4.76,4.75
002670.SZ,国盛金控,2014-07-02,4.74,4.79
002670.SZ,国盛金控,2014-07-03,4.77,4.77
002670.SZ,国盛金控,2014-07-04,4.79,4.74
002670.SZ,国盛金控,2014-07-07,4.74,4.74
002670.SZ,国盛金控,2014-07-08,4.74,4.83
002670.SZ,国盛金控,2014-07-09,4.84,4.71
002670.SZ,国盛金控,2014-07-10,4.71,4.75
002670.SZ,国盛金控,2014-07-11,4.75,4.85
002670.SZ,国盛金控,2014-07-14,4.87,5.00
002670.SZ,国盛金控,2014-07-15,4.97,4.94
002670.SZ,国盛金控,2014-07-16,4.95,4.89
002670.SZ,国盛金控,2014-07-17,4.90,4.86
002670.SZ,国盛金控,2014-07-18,4.85,4.88
002670.SZ,国盛金控,2014-07-21,4.87,4.83
002670.SZ,国盛金控,2014-07-22,4.81,4.85
002670.SZ,国盛金控,2014-07-23,4.85,4.75
002670.SZ,国盛金控,2014-07-24,4.75,4.74
002670.SZ,国盛金控,2014-07-25,4.73,4.80
002670.SZ,国盛金控,2014-07-28,4.81,4.88
002670.SZ,国盛金控,2014-07-29,4.89,4.89
002670.SZ,国盛金控,2014-07-30,4.90,4.90
002670.SZ,国盛金控,2014-07-31,4.88,4.95
002670.SZ,国盛金控,2014-08-01,4.93,4.86
002670.SZ,国盛金控,2014-08-04,4.87,4.96
002670.SZ,国盛金控,2014-08-05,4.96,4.97
002670.SZ,国盛金控,2014-08-06,4.97,4.97
002670.SZ,国盛金控,2014-08-07,4.99,4.91
002670.SZ,国盛金控,2014-08-08,4.93,4.96
002670.SZ,国盛金控,2014-08-11,4.97,5.09
002670.SZ,国盛金控,2014-08-12,5.09,5.11
002670.SZ,国盛金控,2014-08-13,5.15,5.12
002670.SZ,国盛金控,2014-08-14,5.05,5.07
002670.SZ,国盛金控,2014-08-15,5.08,5.16
002670.SZ,国盛金控,2014-08-18,5.22,5.37
002670.SZ,国盛金控,2014-08-19,5.37,5.34
002670.SZ,国盛金控,2014-08-20,5.31,5.34
002670.SZ,国盛金控,2014-08-21,5.35,5.35
002670.SZ,国盛金控,2014-08-22,5.34,5.43
002670.SZ,国盛金控,2014-08-25,5.41,5.37
002670.SZ,国盛金控,2014-08-26,5.37,5.20
002670.SZ,国盛金控,2014-08-27,5.20,5.23
002670.SZ,国盛金控,2014-08-28,5.21,5.15
002670.SZ,国盛金控,2014-08-29,5.16,5.27
002670.SZ,国盛金控,2014-09-01,5.29,5.37
002670.SZ,国盛金控,2014-09-02,5.39,5.42
002670.SZ,国盛金控,2014-09-03,5.42,5.42
002670.SZ,国盛金控,2014-09-04,5.42,5.46
002670.SZ,国盛金控,2014-09-05,5.47,5.48
002670.SZ,国盛金控,2014-09-09,5.50,5.49
002670.SZ,国盛金控,2014-09-10,5.47,5.49
002670.SZ,国盛金控,2014-09-11,5.49,5.57
002670.SZ,国盛金控,2014-09-12,5.57,5.71
002670.SZ,国盛金控,2014-09-15,5.68,5.96
002670.SZ,国盛金控,2014-09-16,5.93,5.87
002670.SZ,国盛金控,2014-09-17,5.92,6.16
002670.SZ,国盛金控,2014-09-18,6.16,6.47
002670.SZ,国盛金控,2014-09-19,6.50,6.48
002670.SZ,国盛金控,2014-09-22,6.42,6.27
002670.SZ,国盛金控,2014-09-23,6.29,6.50
002670.SZ,国盛金控,2014-09-24,6.45,6.71
002670.SZ,国盛金控,2014-09-25,6.66,6.52
002670.SZ,国盛金控,2014-09-26,6.55,6.77
002670.SZ,国盛金控,2014-09-29,6.73,7.01
002670.SZ,国盛金控,2014-09-30,6.96,7.01
002670.SZ,国盛金控,2014-10-08,6.99,6.99
002670.SZ,国盛金控,2014-10-09,7.01,6.80
002670.SZ,国盛金控,2014-10-10,6.76,6.65
002670.SZ,国盛金控,2014-10-13,6.65,6.55
002670.SZ,国盛金控,2014-10-14,6.55,6.59
002670.SZ,国盛金控,2014-10-15,6.61,6.55
002670.SZ,国盛金控,2014-10-16,6.50,6.42
002670.SZ,国盛金控,2014-10-17,6.39,6.44
002670.SZ,国盛金控,2014-10-20,6.51,6.61
002670.SZ,国盛金控,2014-10-21,6.61,6.61
002670.SZ,国盛金控,2014-10-22,6.62,6.43
002670.SZ,国盛金控,2014-10-23,6.41,6.45
002670.SZ,国盛金控,2014-10-24,6.45,6.54
002670.SZ,国盛金控,2014-10-27,6.53,6.73
002670.SZ,国盛金控,2014-10-28,6.68,7.23
002670.SZ,国盛金控,2014-10-29,7.16,7.42
002670.SZ,国盛金控,2014-10-30,7.55,7.49
002670.SZ,国盛金控,2014-10-31,7.50,7.59
002670.SZ,国盛金控,2014-11-03,7.56,7.55
002670.SZ,国盛金控,2014-11-04,7.56,7.46
002670.SZ,国盛金控,2014-11-05,7.45,7.63
002670.SZ,国盛金控,2014-11-06,7.53,7.65
002670.SZ,国盛金控,2014-11-07,7.65,7.77
002670.SZ,国盛金控,2014-11-10,7.72,7.91
002670.SZ,国盛金控,2014-11-11,7.91,7.56
002670.SZ,国盛金控,2014-11-12,7.56,7.44
002670.SZ,国盛金控,2014-11-13,7.41,7.24
002670.SZ,国盛金控,2014-11-14,7.20,7.27
002670.SZ,国盛金控,2014-11-17,7.26,7.17
002670.SZ,国盛金控,2014-11-18,7.17,7.04
002670.SZ,国盛金控,2014-11-19,7.05,7.06
002670.SZ,国盛金控,2014-11-20,7.03,7.09
002670.SZ,国盛金控,2014-11-21,7.10,7.21
002670.SZ,国盛金控,2014-11-24,7.32,7.32
002670.SZ,国盛金控,2014-11-25,7.34,7.36
002670.SZ,国盛金控,2014-11-26,7.36,7.30
002670.SZ,国盛金控,2014-11-27,7.28,7.12
002670.SZ,国盛金控,2014-11-28,7.09,7.13
002670.SZ,国盛金控,2014-12-01,7.16,6.92
002670.SZ,国盛金控,2014-12-02,6.90,7.04
002670.SZ,国盛金控,2014-12-03,7.04,7.06
002670.SZ,国盛金控,2014-12-04,7.07,7.08
002670.SZ,国盛金控,2014-12-05,7.07,6.77
002670.SZ,国盛金控,2014-12-08,6.73,6.72
002670.SZ,国盛金控,2014-12-09,6.71,6.24
002670.SZ,国盛金控,2014-12-10,6.23,6.48
002670.SZ,国盛金控,2014-12-11,6.47,6.54
002670.SZ,国盛金控,2014-12-12,6.53,6.59
002670.SZ,国盛金控,2014-12-15,6.57,6.78
002670.SZ,国盛金控,2014-12-16,6.78,6.71
002670.SZ,国盛金控,2014-12-17,6.71,6.59
002670.SZ,国盛金控,2014-12-18,6.52,6.47
002670.SZ,国盛金控,2014-12-19,6.47,6.30
002670.SZ,国盛金控,2014-12-22,6.24,6.00
002670.SZ,国盛金控,2014-12-23,6.03,6.02
002670.SZ,国盛金控,2014-12-24,6.08,6.35
002670.SZ,国盛金控,2014-12-25,6.44,6.62
002670.SZ,国盛金控,2014-12-26,6.61,6.71
002670.SZ,国盛金控,2014-12-29,6.66,6.58
002670.SZ,国盛金控,2014-12-30,6.64,6.47
002670.SZ,国盛金控,2014-12-31,6.44,6.52
002670.SZ,国盛金控,2015-01-05,6.57,6.58
002670.SZ,国盛金控,2015-01-06,6.51,6.73
002670.SZ,国盛金控,2015-01-07,6.74,6.72
002670.SZ,国盛金控,2015-01-08,6.75,6.60
002670.SZ,国盛金控,2015-01-09,6.59,6.53
002670.SZ,国盛金控,2015-01-12,6.44,6.34
002670.SZ,国盛金控,2015-01-13,6.34,6.48
002670.SZ,国盛金控,2015-01-14,6.47,6.52
002670.SZ,国盛金控,2015-01-15,6.55,6.62
002670.SZ,国盛金控,2015-01-16,6.61,6.62
002670.SZ,国盛金控,2015-01-19,6.56,6.56
002670.SZ,国盛金控,2015-01-20,6.72,6.81
002670.SZ,国盛金控,2015-01-21,6.81,6.93
002670.SZ,国盛金控,2015-01-22,6.94,6.95
002670.SZ,国盛金控,2015-01-23,7.04,6.88
002670.SZ,国盛金控,2015-01-26,6.94,6.89
002670.SZ,国盛金控,2015-01-27,6.89,6.91
002670.SZ,国盛金控,2015-01-28,6.92,6.91
002670.SZ,国盛金控,2015-01-29,6.89,6.74
002670.SZ,国盛金控,2015-01-30,6.73,6.62
002670.SZ,国盛金控,2015-02-02,6.57,6.60
002670.SZ,国盛金控,2015-02-03,6.66,6.72
002670.SZ,国盛金控,2015-02-04,6.75,6.57
002670.SZ,国盛金控,2015-02-05,6.61,6.50
002670.SZ,国盛金控,2015-02-06,6.50,6.37
002670.SZ,国盛金控,2015-02-09,6.37,6.38
002670.SZ,国盛金控,2015-02-10,6.38,6.49
002670.SZ,国盛金控,2015-02-11,6.53,6.50
002670.SZ,国盛金控,2015-02-12,6.51,6.57
002670.SZ,国盛金控,2015-02-13,6.61,6.72
002670.SZ,国盛金控,2015-02-16,6.75,6.83
002670.SZ,国盛金控,2015-02-17,6.85,6.80
002670.SZ,国盛金控,2015-02-25,6.80,6.76
002670.SZ,国盛金控,2015-02-26,6.80,6.88
002670.SZ,国盛金控,2015-02-27,6.90,6.98
002670.SZ,国盛金控,2015-03-02,6.94,6.94
002670.SZ,国盛金控,2015-03-03,6.92,7.09
002670.SZ,国盛金控,2015-03-04,7.04,7.10
002670.SZ,国盛金控,2015-03-05,7.11,7.02
002670.SZ,国盛金控,2015-03-06,6.98,7.01
002670.SZ,国盛金控,2015-03-09,7.01,7.01
002670.SZ,国盛金控,2015-03-10,7.01,7.01
002670.SZ,国盛金控,2015-03-11,7.01,7.01
002670.SZ,国盛金控,2015-03-12,7.01,7.01
002670.SZ,国盛金控,2015-03-13,7.01,7.01
002670.SZ,国盛金控,2015-03-16,7.01,7.01
002670.SZ,国盛金控,2015-03-17,7.01,7.01
002670.SZ,国盛金控,2015-03-18,7.01,7.01
002670.SZ,国盛金控,2015-03-19,7.01,7.01
002670.SZ,国盛金控,2015-03-20,7.01,7.01
002670.SZ,国盛金控,2015-03-23,7.51,7.71
002670.SZ,国盛金控,2015-03-24,7.51,7.87
002670.SZ,国盛金控,2015-03-25,7.74,7.83
002670.SZ,国盛金控,2015-03-26,7.79,7.50
002670.SZ,国盛金控,2015-03-27,7.49,7.58
002670.SZ,国盛金控,2015-03-30,7.61,7.66
002670.SZ,国盛金控,2015-03-31,7.72,7.59
002670.SZ,国盛金控,2015-04-01,7.61,7.89
002670.SZ,国盛金控,2015-04-02,7.87,8.39
002670.SZ,国盛金控,2015-04-03,8.27,8.38
002670.SZ,国盛金控,2015-04-07,8.45,8.53
002670.SZ,国盛金控,2015-04-08,8.53,8.40
002670.SZ,国盛金控,2015-04-09,8.43,8.08
002670.SZ,国盛金控,2015-04-10,8.06,8.78
002670.SZ,国盛金控,2015-04-13,8.78,8.78
002670.SZ,国盛金控,2015-04-14,8.78,8.78
002670.SZ,国盛金控,2015-04-15,8.78,8.78
002670.SZ,国盛金控,2015-04-16,8.78,8.78
002670.SZ,国盛金控,2015-04-17,8.78,8.78
002670.SZ,国盛金控,2015-04-20,8.78,8.78
002670.SZ,国盛金控,2015-04-21,8.78,8.78
002670.SZ,国盛金控,2015-04-22,8.78,8.78
002670.SZ,国盛金控,2015-04-23,8.78,8.78
002670.SZ,国盛金控,2015-04-24,8.78,8.78
002670.SZ,国盛金控,2015-04-27,8.78,8.78
002670.SZ,国盛金控,2015-04-28,8.78,8.78
002670.SZ,国盛金控,2015-04-29,8.78,8.78
002670.SZ,国盛金控,2015-04-30,8.78,8.78
002670.SZ,国盛金控,2015-05-04,8.78,8.78
002670.SZ,国盛金控,2015-05-05,8.78,8.78
002670.SZ,国盛金控,2015-05-06,8.78,8.78
002670.SZ,国盛金控,2015-05-07,8.78,8.78
002670.SZ,国盛金控,2015-05-08,8.78,8.78
002670.SZ,国盛金控,2015-05-11,8.78,8.78
002670.SZ,国盛金控,2015-05-12,8.78,8.78
002670.SZ,国盛金控,2015-05-13,8.78,8.78
002670.SZ,国盛金控,2015-05-14,8.78,8.78
002670.SZ,国盛金控,2015-05-15,8.78,8.78
002670.SZ,国盛金控,2015-05-18,8.78,8.78
002670.SZ,国盛金控,2015-05-19,8.78,8.78
002670.SZ,国盛金控,2015-05-20,8.78,8.78
002670.SZ,国盛金控,2015-05-21,8.78,8.78
002670.SZ,国盛金控,2015-05-22,8.78,8.78
002670.SZ,国盛金控,2015-05-25,8.78,8.78
002670.SZ,国盛金控,2015-05-26,8.78,8.78
002670.SZ,国盛金控,2015-05-27,8.78,8.78
002670.SZ,国盛金控,2015-05-28,8.78,8.78
002670.SZ,国盛金控,2015-05-29,8.78,8.78
002670.SZ,国盛金控,2015-06-01,8.78,8.78
002670.SZ,国盛金控,2015-06-02,8.78,8.78
002670.SZ,国盛金控,2015-06-03,8.78,8.78
002670.SZ,国盛金控,2015-06-04,8.78,8.78
002670.SZ,国盛金控,2015-06-05,8.78,8.78
002670.SZ,国盛金控,2015-06-08,8.78,8.78
002670.SZ,国盛金控,2015-06-09,8.78,8.78
002670.SZ,国盛金控,2015-06-10,8.78,8.78
002670.SZ,国盛金控,2015-06-11,8.78,8.78
002670.SZ,国盛金控,2015-06-12,8.78,8.78
002670.SZ,国盛金控,2015-06-15,8.78,8.78
002670.SZ,国盛金控,2015-06-16,8.78,8.78
002670.SZ,国盛金控,2015-06-17,8.78,8.78
002670.SZ,国盛金控,2015-06-18,8.78,8.78
002670.SZ,国盛金控,2015-06-19,8.78,8.78
002670.SZ,国盛金控,2015-06-23,8.78,8.78
002670.SZ,国盛金控,2015-06-24,8.78,8.78
002670.SZ,国盛金控,2015-06-25,8.78,8.78
002670.SZ,国盛金控,2015-06-26,8.78,8.78
002670.SZ,国盛金控,2015-06-29,8.78,8.78
002670.SZ,国盛金控,2015-06-30,8.78,8.78
002670.SZ,国盛金控,2015-07-01,8.78,8.78
002670.SZ,国盛金控,2015-07-02,8.78,8.78
002670.SZ,国盛金控,2015-07-03,8.78,8.78
002670.SZ,国盛金控,2015-07-06,8.78,8.78
002670.SZ,国盛金控,2015-07-07,8.78,8.78
002670.SZ,国盛金控,2015-07-08,8.78,8.78
002670.SZ,国盛金控,2015-07-09,8.78,8.78
002670.SZ,国盛金控,2015-07-10,8.78,8.78
002670.SZ,国盛金控,2015-07-13,8.78,8.78
002670.SZ,国盛金控,2015-07-14,8.78,8.78
002670.SZ,国盛金控,2015-07-15,8.78,8.78
002670.SZ,国盛金控,2015-07-16,8.78,8.78
002670.SZ,国盛金控,2015-07-17,8.78,8.78
002670.SZ,国盛金控,2015-07-20,8.78,8.78
002670.SZ,国盛金控,2015-07-21,8.78,8.78
002670.SZ,国盛金控,2015-07-22,8.78,8.78
002670.SZ,国盛金控,2015-07-23,8.78,8.78
002670.SZ,国盛金控,2015-07-24,8.78,8.78
002670.SZ,国盛金控,2015-07-27,8.78,8.78
002670.SZ,国盛金控,2015-07-28,8.78,8.78
002670.SZ,国盛金控,2015-07-29,8.78,8.78
002670.SZ,国盛金控,2015-07-30,8.78,8.78
002670.SZ,国盛金控,2015-07-31,8.78,8.78
002670.SZ,国盛金控,2015-08-03,8.78,8.78
002670.SZ,国盛金控,2015-08-04,8.78,8.78
002670.SZ,国盛金控,2015-08-05,8.78,8.78
002670.SZ,国盛金控,2015-08-06,8.78,8.78
002670.SZ,国盛金控,2015-08-07,8.78,8.78
002670.SZ,国盛金控,2015-08-10,8.78,8.78
002670.SZ,国盛金控,2015-08-11,8.78,8.78
002670.SZ,国盛金控,2015-08-12,8.78,8.78
002670.SZ,国盛金控,2015-08-13,8.78,8.78
002670.SZ,国盛金控,2015-08-14,8.78,8.78
002670.SZ,国盛金控,2015-08-17,8.78,8.78
002670.SZ,国盛金控,2015-08-18,8.78,8.78
002670.SZ,国盛金控,2015-08-19,8.78,8.78
002670.SZ,国盛金控,2015-08-20,8.78,8.78
002670.SZ,国盛金控,2015-08-21,8.78,8.78
002670.SZ,国盛金控,2015-08-24,8.78,8.78
002670.SZ,国盛金控,2015-08-25,8.78,8.78
002670.SZ,国盛金控,2015-08-26,8.78,8.78
002670.SZ,国盛金控,2015-08-27,8.78,8.78
002670.SZ,国盛金控,2015-08-28,8.78,8.78
002670.SZ,国盛金控,2015-08-31,8.78,8.78
002670.SZ,国盛金控,2015-09-01,8.78,8.78
002670.SZ,国盛金控,2015-09-02,8.78,8.78
002670.SZ,国盛金控,2015-09-07,8.78,8.78
002670.SZ,国盛金控,2015-09-08,8.78,8.78
002670.SZ,国盛金控,2015-09-09,8.78,8.78
002670.SZ,国盛金控,2015-09-10,8.78,8.78
002670.SZ,国盛金控,2015-09-11,8.78,8.78
002670.SZ,国盛金控,2015-09-14,8.78,8.78
002670.SZ,国盛金控,2015-09-15,8.78,8.78
002670.SZ,国盛金控,2015-09-16,8.78,8.78
002670.SZ,国盛金控,2015-09-17,8.78,8.78
002670.SZ,国盛金控,2015-09-18,8.78,8.78
002670.SZ,国盛金控,2015-09-21,8.78,8.78
002670.SZ,国盛金控,2015-09-22,8.78,8.78
002670.SZ,国盛金控,2015-09-23,8.78,8.78
002670.SZ,国盛金控,2015-09-24,8.78,8.78
002670.SZ,国盛金控,2015-09-25,8.78,8.78
002670.SZ,国盛金控,2015-09-28,8.78,8.78
002670.SZ,国盛金控,2015-09-29,8.78,8.78
002670.SZ,国盛金控,2015-09-30,8.78,8.78
002670.SZ,国盛金控,2015-10-08,8.78,8.78
002670.SZ,国盛金控,2015-10-09,8.78,8.78
002670.SZ,国盛金控,2015-10-12,8.78,8.78
002670.SZ,国盛金控,2015-10-13,8.78,8.78
002670.SZ,国盛金控,2015-10-14,8.78,8.78
002670.SZ,国盛金控,2015-10-15,8.78,8.78
002670.SZ,国盛金控,2015-10-16,8.78,8.78
002670.SZ,国盛金控,2015-10-19,8.78,8.78
002670.SZ,国盛金控,2015-10-20,8.78,8.78
002670.SZ,国盛金控,2015-10-21,8.78,8.78
002670.SZ,国盛金控,2015-10-22,8.78,8.78
002670.SZ,国盛金控,2015-10-23,8.78,8.78
002670.SZ,国盛金控,2015-10-26,8.78,8.78
002670.SZ,国盛金控,2015-10-27,8.78,8.78
002670.SZ,国盛金控,2015-10-28,8.78,8.78
002670.SZ,国盛金控,2015-10-29,8.78,8.78
002670.SZ,国盛金控,2015-10-30,8.78,8.78
002670.SZ,国盛金控,2015-11-02,8.78,8.78
002670.SZ,国盛金控,2015-11-03,8.78,8.78
002670.SZ,国盛金控,2015-11-04,8.78,8.78
002670.SZ,国盛金控,2015-11-05,8.78,8.78
002670.SZ,国盛金控,2015-11-06,8.78,8.78
002670.SZ,国盛金控,2015-11-09,8.78,8.78
002670.SZ,国盛金控,2015-11-10,8.78,8.78
002670.SZ,国盛金控,2015-11-11,8.78,8.78
002670.SZ,国盛金控,2015-11-12,9.65,9.65
002670.SZ,国盛金控,2015-11-13,10.62,10.62
002670.SZ,国盛金控,2015-11-16,11.68,11.68
002670.SZ,国盛金控,2015-11-17,12.85,12.85
002670.SZ,国盛金控,2015-11-18,14.13,14.13
002670.SZ,国盛金控,2015-11-19,15.55,15.55
002670.SZ,国盛金控,2015-11-20,17.10,17.10
002670.SZ,国盛金控,2015-11-23,18.81,18.81
002670.SZ,国盛金控,2015-11-24,18.70,19.60
002670.SZ,国盛金控,2015-11-25,18.56,19.52
002670.SZ,国盛金控,2015-11-26,19.21,20.10
002670.SZ,国盛金控,2015-11-27,20.00,19.75
002670.SZ,国盛金控,2015-11-30,20.14,18.89
002670.SZ,国盛金控,2015-12-01,18.90,18.34
002670.SZ,国盛金控,2015-12-02,17.77,17.26
002670.SZ,国盛金控,2015-12-03,16.69,17.43
002670.SZ,国盛金控,2015-12-04,17.19,17.31
002670.SZ,国盛金控,2015-12-07,17.50,17.98
002670.SZ,国盛金控,2015-12-08,17.74,18.52
002670.SZ,国盛金控,2015-12-09,18.08,17.58
002670.SZ,国盛金控,2015-12-10,17.26,17.68
002670.SZ,国盛金控,2015-12-11,17.17,16.38
002670.SZ,国盛金控,2015-12-14,15.83,17.02
002670.SZ,国盛金控,2015-12-15,16.83,16.76
002670.SZ,国盛金控,2015-12-16,16.84,17.22
002670.SZ,国盛金控,2015-12-17,17.41,18.07
002670.SZ,国盛金控,2015-12-18,17.74,17.70
002670.SZ,国盛金控,2015-12-21,17.71,17.78
002670.SZ,国盛金控,2015-12-22,17.82,18.50
002670.SZ,国盛金控,2015-12-23,18.28,17.98
002670.SZ,国盛金控,2015-12-24,17.74,16.94
002670.SZ,国盛金控,2015-12-25,16.94,17.11
002670.SZ,国盛金控,2015-12-28,17.11,17.09
002670.SZ,国盛金控,2015-12-29,17.08,17.47
002670.SZ,国盛金控,2015-12-30,17.74,17.60
002670.SZ,国盛金控,2015-12-31,17.74,17.57
002670.SZ,国盛金控,2016-01-04,17.55,15.81
002670.SZ,国盛金控,2016-01-05,14.40,14.31
002670.SZ,国盛金控,2016-01-06,14.61,14.78
002670.SZ,国盛金控,2016-01-07,14.58,13.30
002670.SZ,国盛金控,2016-01-08,13.81,13.31
002670.SZ,国盛金控,2016-01-11,12.76,12.04
002670.SZ,国盛金控,2016-01-12,12.07,12.60
002670.SZ,国盛金控,2016-01-13,12.99,12.68
002670.SZ,国盛金控,2016-01-14,12.01,13.77
002670.SZ,国盛金控,2016-01-15,13.60,13.09
002670.SZ,国盛金控,2016-01-18,13.09,13.09
002670.SZ,国盛金控,2016-01-19,13.09,13.09
002670.SZ,国盛金控,2016-01-20,13.09,13.09
002670.SZ,国盛金控,2016-01-21,13.09,13.09
002670.SZ,国盛金控,2016-01-22,13.09,13.09
002670.SZ,国盛金控,2016-01-25,13.09,13.09
002670.SZ,国盛金控,2016-01-26,14.35,12.78
002670.SZ,国盛金控,2016-01-27,12.47,12.31
002670.SZ,国盛金控,2016-01-28,11.99,11.99
002670.SZ,国盛金控,2016-01-29,12.08,12.46
002670.SZ,国盛金控,2016-02-01,12.35,11.66
002670.SZ,国盛金控,2016-02-02,11.74,12.05
002670.SZ,国盛金控,2016-02-03,11.88,11.99
002670.SZ,国盛金控,2016-02-04,12.06,12.37
002670.SZ,国盛金控,2016-02-05,12.28,13.01
002670.SZ,国盛金控,2016-02-15,12.50,12.61
002670.SZ,国盛金控,2016-02-16,12.62,13.25
002670.SZ,国盛金控,2016-02-17,13.21,13.28
002670.SZ,国盛金控,2016-02-18,13.42,13.06
002670.SZ,国盛金控,2016-02-19,12.89,13.02
002670.SZ,国盛金控,2016-02-22,13.19,13.58
002670.SZ,国盛金控,2016-02-23,13.44,13.08
002670.SZ,国盛金控,2016-02-24,13.05,13.21
002670.SZ,国盛金控,2016-02-25,13.24,11.99
002670.SZ,国盛金控,2016-02-26,12.46,11.60
002670.SZ,国盛金控,2016-02-29,11.60,10.89
002670.SZ,国盛金控,2016-03-01,11.02,11.27
002670.SZ,国盛金控,2016-03-02,11.27,11.81
002670.SZ,国盛金控,2016-03-03,11.59,11.81
002670.SZ,国盛金控,2016-03-04,11.77,11.51
002670.SZ,国盛金控,2016-03-07,11.75,11.87
002670.SZ,国盛金控,2016-03-08,11.72,12.09
002670.SZ,国盛金控,2016-03-09,11.89,12.23
002670.SZ,国盛金控,2016-03-10,12.42,11.98
002670.SZ,国盛金控,2016-03-11,11.76,11.98
002670.SZ,国盛金控,2016-03-14,11.99,12.32
002670.SZ,国盛金控,2016-03-15,12.28,12.24
002670.SZ,国盛金控,2016-03-16,12.36,12.23
002670.SZ,国盛金控,2016-03-17,12.23,12.49
002670.SZ,国盛金控,2016-03-18,12.45,13.04
002670.SZ,国盛金控,2016-03-21,13.36,14.35
002670.SZ,国盛金控,2016-03-22,15.11,15.01
002670.SZ,国盛金控,2016-03-23,14.58,15.18
002670.SZ,国盛金控,2016-03-24,14.68,14.43
002670.SZ,国盛金控,2016-03-25,14.24,14.47
002670.SZ,国盛金控,2016-03-28,14.63,13.84
002670.SZ,国盛金控,2016-03-29,13.75,13.24
002670.SZ,国盛金控,2016-03-30,13.55,13.62
002670.SZ,国盛金控,2016-03-31,13.71,13.79
002670.SZ,国盛金控,2016-04-01,13.62,13.48
002670.SZ,国盛金控,2016-04-05,13.67,14.83
002670.SZ,国盛金控,2016-04-06,15.11,14.45
002670.SZ,国盛金控,2016-04-07,14.37,14.28
002670.SZ,国盛金控,2016-04-08,14.07,13.90
002670.SZ,国盛金控,2016-04-11,14.65,14.20
002670.SZ,国盛金控,2016-04-12,13.96,13.95
002670.SZ,国盛金控,2016-04-13,14.01,14.46
002670.SZ,国盛金控,2016-04-14,14.42,14.50
002670.SZ,国盛金控,2016-04-15,14.60,14.57
002670.SZ,国盛金控,2016-04-18,14.43,13.89
002670.SZ,国盛金控,2016-04-19,14.11,13.92
002670.SZ,国盛金控,2016-04-20,14.07,13.07
002670.SZ,国盛金控,2016-04-21,12.85,13.12
002670.SZ,国盛金控,2016-04-22,13.12,13.42
002670.SZ,国盛金控,2016-04-25,13.33,13.33
002670.SZ,国盛金控,2016-04-26,13.33,13.57
002670.SZ,国盛金控,2016-04-27,13.55,13.28
002670.SZ,国盛金控,2016-04-28,13.41,13.43
002670.SZ,国盛金控,2016-04-29,13.43,13.40
002670.SZ,国盛金控,2016-05-03,13.52,14.08
002670.SZ,国盛金控,2016-05-04,14.05,13.92
002670.SZ,国盛金控,2016-05-05,13.96,13.91
002670.SZ,国盛金控,2016-05-06,14.02,13.08
002670.SZ,国盛金控,2016-05-09,12.95,12.47
002670.SZ,国盛金控,2016-05-10,12.47,12.58
002670.SZ,国盛金控,2016-05-11,12.75,12.42
002670.SZ,国盛金控,2016-05-12,12.31,12.50
002670.SZ,国盛金控,2016-05-13,12.56,13.52
002670.SZ,国盛金控,2016-05-16,13.38,13.40
002670.SZ,国盛金控,2016-05-17,13.28,13.02
002670.SZ,国盛金控,2016-05-18,12.69,12.70
002670.SZ,国盛金控,2016-05-19,12.57,12.56
002670.SZ,国盛金控,2016-05-20,12.57,12.45
002670.SZ,国盛金控,2016-05-23,12.49,12.55
002670.SZ,国盛金控,2016-05-24,12.78,12.83
002670.SZ,国盛金控,2016-05-25,12.69,12.54
002670.SZ,国盛金控,2016-05-26,12.42,12.48
002670.SZ,国盛金控,2016-05-27,12.56,12.58
002670.SZ,国盛金控,2016-05-30,12.55,12.31
002670.SZ,国盛金控,2016-05-31,12.40,13.27
002670.SZ,国盛金控,2016-06-01,13.31,13.14
002670.SZ,国盛金控,2016-06-02,13.09,13.09
002670.SZ,国盛金控,2016-06-03,13.08,13.37
002670.SZ,国盛金控,2016-06-06,13.19,13.14
002670.SZ,国盛金控,2016-06-07,13.16,13.17
002670.SZ,国盛金控,2016-06-08,13.25,13.31
002670.SZ,国盛金控,2016-06-13,13.00,12.42
002670.SZ,国盛金控,2016-06-14,12.27,12.20
002670.SZ,国盛金控,2016-06-15,12.16,12.43
002670.SZ,国盛金控,2016-06-16,12.31,12.15
002670.SZ,国盛金控,2016-06-17,12.24,12.30
002670.SZ,国盛金控,2016-06-20,12.30,12.66
002670.SZ,国盛金控,2016-06-21,12.67,12.56
002670.SZ,国盛金控,2016-06-22,12.35,12.69
002670.SZ,国盛金控,2016-06-23,12.71,12.39
002670.SZ,国盛金控,2016-06-24,12.37,12.40
002670.SZ,国盛金控,2016-06-27,12.27,12.85
002670.SZ,国盛金控,2016-06-28,12.71,13.19
002670.SZ,国盛金控,2016-06-29,13.21,12.94
002670.SZ,国盛金控,2016-06-30,12.97,12.93
002670.SZ,国盛金控,2016-07-01,12.97,12.82
002670.SZ,国盛金控,2016-07-04,12.70,13.42
002670.SZ,国盛金控,2016-07-05,13.36,14.00
002670.SZ,国盛金控,2016-07-06,13.91,13.90
002670.SZ,国盛金控,2016-07-07,13.91,13.81
002670.SZ,国盛金控,2016-07-08,13.90,13.93
002670.SZ,国盛金控,2016-07-11,13.85,13.86
002670.SZ,国盛金控,2016-07-12,13.89,14.58
002670.SZ,国盛金控,2016-07-13,14.53,14.69
002670.SZ,国盛金控,2016-07-14,14.79,14.95
002670.SZ,国盛金控,2016-07-15,14.99,14.65
002670.SZ,国盛金控,2016-07-18,14.61,14.38
002670.SZ,国盛金控,2016-07-19,14.35,14.87
002670.SZ,国盛金控,2016-07-20,14.77,14.70
002670.SZ,国盛金控,2016-07-21,14.66,14.66
002670.SZ,国盛金控,2016-07-22,14.66,14.16
002670.SZ,国盛金控,2016-07-25,14.16,14.19
002670.SZ,国盛金控,2016-07-26,14.15,14.59
002670.SZ,国盛金控,2016-07-27,14.67,13.63
002670.SZ,国盛金控,2016-07-28,13.64,13.81
002670.SZ,国盛金控,2016-07-29,13.71,13.50
002670.SZ,国盛金控,2016-08-01,13.50,13.26
002670.SZ,国盛金控,2016-08-02,13.42,13.51
002670.SZ,国盛金控,2016-08-03,13.51,13.51
002670.SZ,国盛金控,2016-08-04,13.38,13.61
002670.SZ,国盛金控,2016-08-05,13.53,13.49
002670.SZ,国盛金控,2016-08-08,13.44,13.78
002670.SZ,国盛金控,2016-08-09,13.75,14.26
002670.SZ,国盛金控,2016-08-10,14.38,14.22
002670.SZ,国盛金控,2016-08-11,14.41,14.62
002670.SZ,国盛金控,2016-08-12,14.39,14.74
002670.SZ,国盛金控,2016-08-15,14.75,15.38
002670.SZ,国盛金控,2016-08-16,15.35,15.73
002670.SZ,国盛金控,2016-08-17,16.07,15.39
002670.SZ,国盛金控,2016-08-18,15.12,14.94
002670.SZ,国盛金控,2016-08-19,14.94,14.87
002670.SZ,国盛金控,2016-08-22,14.82,14.53
002670.SZ,国盛金控,2016-08-23,14.54,14.73
002670.SZ,国盛金控,2016-08-24,14.68,14.46
002670.SZ,国盛金控,2016-08-25,14.46,14.46
002670.SZ,国盛金控,2016-08-26,14.43,14.79
002670.SZ,国盛金控,2016-08-29,14.91,14.66
002670.SZ,国盛金控,2016-08-30,14.66,14.54
002670.SZ,国盛金控,2016-08-31,14.54,14.54
002670.SZ,国盛金控,2016-09-01,14.56,14.29
002670.SZ,国盛金控,2016-09-02,14.15,14.42
002670.SZ,国盛金控,2016-09-05,14.49,14.43
002670.SZ,国盛金控,2016-09-06,14.52,14.59
002670.SZ,国盛金控,2016-09-07,14.53,14.46
002670.SZ,国盛金控,2016-09-08,14.46,14.42
002670.SZ,国盛金控,2016-09-09,14.38,14.39
002670.SZ,国盛金控,2016-09-12,14.08,13.38
002670.SZ,国盛金控,2016-09-13,13.56,13.30
002670.SZ,国盛金控,2016-09-14,13.04,13.28
002670.SZ,国盛金控,2016-09-19,13.31,13.41
002670.SZ,国盛金控,2016-09-20,13.36,13.40
002670.SZ,国盛金控,2016-09-21,13.40,13.61
002670.SZ,国盛金控,2016-09-22,13.67,13.51
002670.SZ,国盛金控,2016-09-23,13.43,13.51
002670.SZ,国盛金控,2016-09-26,13.44,13.33
002670.SZ,国盛金控,2016-09-27,13.33,13.39
002670.SZ,国盛金控,2016-09-28,13.33,13.50
002670.SZ,国盛金控,2016-09-29,13.55,13.75
002670.SZ,国盛金控,2016-09-30,13.59,13.66
002670.SZ,国盛金控,2016-10-10,13.69,13.91
002670.SZ,国盛金控,2016-10-11,13.93,14.00
002670.SZ,国盛金控,2016-10-12,13.99,14.34
002670.SZ,国盛金控,2016-10-13,14.18,14.04
002670.SZ,国盛金控,2016-10-14,13.91,13.91
002670.SZ,国盛金控,2016-10-17,13.91,13.62
002670.SZ,国盛金控,2016-10-18,13.62,13.99
002670.SZ,国盛金控,2016-10-19,13.92,13.86
002670.SZ,国盛金控,2016-10-20,13.84,14.34
002670.SZ,国盛金控,2016-10-21,14.19,14.37
002670.SZ,国盛金控,2016-10-24,14.32,14.60
002670.SZ,国盛金控,2016-10-25,14.51,14.32
002670.SZ,国盛金控,2016-10-26,14.32,14.10
002670.SZ,国盛金控,2016-10-27,14.10,14.10
002670.SZ,国盛金控,2016-10-28,14.39,14.18
002670.SZ,国盛金控,2016-10-31,13.91,14.01
002670.SZ,国盛金控,2016-11-01,14.01,14.54
002670.SZ,国盛金控,2016-11-02,14.49,14.43
002670.SZ,国盛金控,2016-11-03,14.38,14.67
002670.SZ,国盛金控,2016-11-04,14.71,14.75
002670.SZ,国盛金控,2016-11-07,14.87,15.63
002670.SZ,国盛金控,2016-11-08,15.68,15.35
002670.SZ,国盛金控,2016-11-09,15.23,15.09
002670.SZ,国盛金控,2016-11-10,15.27,15.34
002670.SZ,国盛金控,2016-11-11,15.41,15.67
002670.SZ,国盛金控,2016-11-14,15.35,15.40
002670.SZ,国盛金控,2016-11-15,15.34,15.14
002670.SZ,国盛金控,2016-11-16,15.24,15.31
002670.SZ,国盛金控,2016-11-17,15.11,15.10
002670.SZ,国盛金控,2016-11-18,15.05,15.11
002670.SZ,国盛金控,2016-11-21,15.01,15.56
002670.SZ,国盛金控,2016-11-22,15.85,17.12
002670.SZ,国盛金控,2016-11-23,17.68,16.79
002670.SZ,国盛金控,2016-11-24,16.92,17.86
002670.SZ,国盛金控,2016-11-25,17.69,17.43
002670.SZ,国盛金控,2016-11-28,17.34,17.03
002670.SZ,国盛金控,2016-11-29,16.93,16.99
002670.SZ,国盛金控,2016-11-30,16.94,17.43
002670.SZ,国盛金控,2016-12-01,17.21,17.92
002670.SZ,国盛金控,2016-12-02,17.94,17.79
002670.SZ,国盛金控,2016-12-05,17.32,16.93
002670.SZ,国盛金控,2016-12-06,16.88,17.20
002670.SZ,国盛金控,2016-12-07,17.03,17.26
002670.SZ,国盛金控,2016-12-08,17.21,16.73
002670.SZ,国盛金控,2016-12-09,16.73,16.78
002670.SZ,国盛金控,2016-12-12,16.95,15.22
002670.SZ,国盛金控,2016-12-13,15.34,15.68
002670.SZ,国盛金控,2016-12-14,15.60,15.54
002670.SZ,国盛金控,2016-12-15,15.52,15.90
002670.SZ,国盛金控,2016-12-16,15.90,15.92
002670.SZ,国盛金控,2016-12-19,15.80,15.78
002670.SZ,国盛金控,2016-12-20,15.78,15.75
002670.SZ,国盛金控,2016-12-21,15.83,15.76
002670.SZ,国盛金控,2016-12-22,15.66,15.50
002670.SZ,国盛金控,2016-12-23,15.45,15.51
002670.SZ,国盛金控,2016-12-26,15.48,15.83
002670.SZ,国盛金控,2016-12-27,15.75,15.97
002670.SZ,国盛金控,2016-12-28,15.95,16.10
002670.SZ,国盛金控,2016-12-29,16.11,15.90
002670.SZ,国盛金控,2016-12-30,15.81,16.11
002670.SZ,国盛金控,2017-01-03,16.10,16.13
002670.SZ,国盛金控,2017-01-04,16.01,16.09
002670.SZ,国盛金控,2017-01-05,16.09,15.82
002670.SZ,国盛金控,2017-01-06,15.72,15.22
002670.SZ,国盛金控,2017-01-09,15.24,15.46
002670.SZ,国盛金控,2017-01-10,15.40,15.40
002670.SZ,国盛金控,2017-01-11,15.40,15.19
002670.SZ,国盛金控,2017-01-12,15.19,15.21
002670.SZ,国盛金控,2017-01-13,15.21,14.84
002670.SZ,国盛金控,2017-01-16,14.84,14.84
002670.SZ,国盛金控,2017-01-17,14.84,14.84
002670.SZ,国盛金控,2017-01-18,14.84,14.84
002670.SZ,国盛金控,2017-01-19,14.84,14.84
002670.SZ,国盛金控,2017-01-20,14.84,14.84
002670.SZ,国盛金控,2017-01-23,14.84,14.84
002670.SZ,国盛金控,2017-01-24,14.84,14.84
002670.SZ,国盛金控,2017-01-25,14.84,14.84
002670.SZ,国盛金控,2017-01-26,14.84,14.84
002670.SZ,国盛金控,2017-02-03,14.84,14.84
002670.SZ,国盛金控,2017-02-06,14.84,14.84
002670.SZ,国盛金控,2017-02-07,14.84,14.84
002670.SZ,国盛金控,2017-02-08,14.84,14.84
002670.SZ,国盛金控,2017-02-09,14.84,14.84
002670.SZ,国盛金控,2017-02-10,14.84,14.84
002670.SZ,国盛金控,2017-02-13,14.84,14.84
002670.SZ,国盛金控,2017-02-14,14.84,14.84
002670.SZ,国盛金控,2017-02-15,14.84,14.84
002670.SZ,国盛金控,2017-02-16,14.84,14.84
002670.SZ,国盛金控,2017-02-17,14.84,14.84
002670.SZ,国盛金控,2017-02-20,14.84,14.84
002670.SZ,国盛金控,2017-02-21,14.84,14.84
002670.SZ,国盛金控,2017-02-22,14.84,14.84
002670.SZ,国盛金控,2017-02-23,14.84,14.84
002670.SZ,国盛金控,2017-02-24,14.84,14.84
002670.SZ,国盛金控,2017-02-27,14.84,14.84
002670.SZ,国盛金控,2017-02-28,14.84,14.84
002670.SZ,国盛金控,2017-03-01,14.84,14.84
002670.SZ,国盛金控,2017-03-02,14.84,14.84
002670.SZ,国盛金控,2017-03-03,14.84,14.84
002670.SZ,国盛金控,2017-03-06,14.84,14.84
002670.SZ,国盛金控,2017-03-07,14.84,14.84
002670.SZ,国盛金控,2017-03-08,14.84,14.84
002670.SZ,国盛金控,2017-03-09,14.84,14.84
002670.SZ,国盛金控,2017-03-10,14.84,14.84
002670.SZ,国盛金控,2017-03-13,14.84,14.84
002670.SZ,国盛金控,2017-03-14,14.84,14.84
002670.SZ,国盛金控,2017-03-15,14.84,14.84
002670.SZ,国盛金控,2017-03-16,14.84,14.84
002670.SZ,国盛金控,2017-03-17,14.84,14.84
002670.SZ,国盛金控,2017-03-20,14.84,14.84
002670.SZ,国盛金控,2017-03-21,14.84,14.84
002670.SZ,国盛金控,2017-03-22,14.84,14.84
002670.SZ,国盛金控,2017-03-23,14.84,14.84
002670.SZ,国盛金控,2017-03-24,14.84,14.84
002670.SZ,国盛金控,2017-03-27,14.84,14.84
002670.SZ,国盛金控,2017-03-28,14.84,14.84
002670.SZ,国盛金控,2017-03-29,14.84,14.84
002670.SZ,国盛金控,2017-03-30,14.84,14.84
002670.SZ,国盛金控,2017-03-31,13.43,13.36
002670.SZ,国盛金控,2017-04-05,12.95,13.09
002670.SZ,国盛金控,2017-04-06,12.70,12.77
002670.SZ,国盛金控,2017-04-07,12.77,12.94
002670.SZ,国盛金控,2017-04-10,12.96,12.65
002670.SZ,国盛金控,2017-04-11,12.71,12.29
002670.SZ,国盛金控,2017-04-12,12.20,12.23
002670.SZ,国盛金控,2017-04-13,12.27,12.36
002670.SZ,国盛金控,2017-04-14,12.32,12.25
002670.SZ,国盛金控,2017-04-17,12.29,12.23
002670.SZ,国盛金控,2017-04-18,12.18,12.37
002670.SZ,国盛金控,2017-04-19,12.31,12.27
002670.SZ,国盛金控,2017-04-20,12.29,12.43
002670.SZ,国盛金控,2017-04-21,12.50,12.60
002670.SZ,国盛金控,2017-04-24,12.70,12.64
002670.SZ,国盛金控,2017-04-25,12.55,12.41
002670.SZ,国盛金控,2017-04-26,11.92,12.21
002670.SZ,国盛金控,2017-04-27,11.99,12.22
002670.SZ,国盛金控,2017-04-28,12.12,12.21
002670.SZ,国盛金控,2017-05-02,12.06,12.27
002670.SZ,国盛金控,2017-05-03,12.07,12.27
002670.SZ,国盛金控,2017-05-04,12.26,12.26
002670.SZ,国盛金控,2017-05-05,12.25,12.20
002670.SZ,国盛金控,2017-05-08,11.90,11.37
002670.SZ,国盛金控,2017-05-09,11.17,11.37
002670.SZ,国盛金控,2017-05-10,11.25,11.37
002670.SZ,国盛金控,2017-05-11,11.14,11.37
002670.SZ,国盛金控,2017-05-12,11.29,11.37
002670.SZ,国盛金控,2017-05-15,11.24,11.06
002670.SZ,国盛金控,2017-05-16,11.06,10.68
002670.SZ,国盛金控,2017-05-17,10.41,10.68
002670.SZ,国盛金控,2017-05-18,10.41,10.68
002670.SZ,国盛金控,2017-05-19,10.68,10.66
002670.SZ,国盛金控,2017-05-22,10.37,10.63
002670.SZ,国盛金控,2017-05-23,10.60,10.60
002670.SZ,国盛金控,2017-05-24,10.58,10.60
002670.SZ,国盛金控,2017-05-25,10.68,10.73
002670.SZ,国盛金控,2017-05-26,10.70,10.54
002670.SZ,国盛金控,2017-05-31,10.64,10.54
002670.SZ,国盛金控,2017-06-01,10.50,10.44
002670.SZ,国盛金控,2017-06-02,10.31,10.47
002670.SZ,国盛金控,2017-06-05,10.54,10.52
002670.SZ,国盛金控,2017-06-06,10.50,10.61
002670.SZ,国盛金控,2017-06-07,10.66,10.70
002670.SZ,国盛金控,2017-06-08,10.68,11.34
002670.SZ,国盛金控,2017-06-09,11.17,11.50
002670.SZ,国盛金控,2017-06-12,11.34,11.83
002670.SZ,国盛金控,2017-06-13,11.76,11.96
002670.SZ,国盛金控,2017-06-14,11.87,12.38
002670.SZ,国盛金控,2017-06-15,12.36,12.93
002670.SZ,国盛金控,2017-06-16,12.95,12.65
002670.SZ,国盛金控,2017-06-19,12.60,12.72
002670.SZ,国盛金控,2017-06-20,12.67,12.44
002670.SZ,国盛金控,2017-06-21,12.50,12.45
002670.SZ,国盛金控,2017-06-22,12.56,12.44
002670.SZ,国盛金控,2017-06-23,12.44,12.40
002670.SZ,国盛金控,2017-06-26,12.40,12.41
002670.SZ,国盛金控,2017-06-27,12.41,12.43
002670.SZ,国盛金控,2017-06-28,12.44,12.60
002670.SZ,国盛金控,2017-06-29,12.60,12.37
002670.SZ,国盛金控,2017-06-30,12.29,12.21
002670.SZ,国盛金控,2017-07-03,12.21,12.31
002670.SZ,国盛金控,2017-07-04,12.26,12.16
002670.SZ,国盛金控,2017-07-05,12.05,12.07
002670.SZ,国盛金控,2017-07-06,12.08,12.28
002670.SZ,国盛金控,2017-07-07,12.28,12.07
002670.SZ,国盛金控,2017-07-10,12.06,11.90
002670.SZ,国盛金控,2017-07-11,11.83,11.27
002670.SZ,国盛金控,2017-07-12,11.29,11.31
002670.SZ,国盛金控,2017-07-13,11.15,11.34
002670.SZ,国盛金控,2017-07-14,11.47,11.63
002670.SZ,国盛金控,2017-07-17,11.60,11.15
002670.SZ,国盛金控,2017-07-18,11.06,11.32
002670.SZ,国盛金控,2017-07-19,11.31,11.74
002670.SZ,国盛金控,2017-07-20,11.65,11.51
002670.SZ,国盛金控,2017-07-21,11.51,11.88
002670.SZ,国盛金控,2017-07-24,11.83,11.92
002670.SZ,国盛金控,2017-07-25,11.84,11.67
002670.SZ,国盛金控,2017-07-26,11.54,11.57
002670.SZ,国盛金控,2017-07-27,11.53,11.79
002670.SZ,国盛金控,2017-07-28,11.78,11.67
002670.SZ,国盛金控,2017-07-31,11.66,11.98
002670.SZ,国盛金控,2017-08-01,11.97,12.20
002670.SZ,国盛金控,2017-08-02,12.13,11.98
002670.SZ,国盛金控,2017-08-03,11.92,12.35
002670.SZ,国盛金控,2017-08-04,12.35,12.13
002670.SZ,国盛金控,2017-08-07,12.05,12.40
002670.SZ,国盛金控,2017-08-08,12.32,12.08
002670.SZ,国盛金控,2017-08-09,12.12,11.98
002670.SZ,国盛金控,2017-08-10,11.98,12.27
002670.SZ,国盛金控,2017-08-11,12.21,11.80
002670.SZ,国盛金控,2017-08-14,11.81,12.04
002670.SZ,国盛金控,2017-08-15,12.05,11.90
002670.SZ,国盛金控,2017-08-16,11.90,11.97
002670.SZ,国盛金控,2017-08-17,11.86,11.73
002670.SZ,国盛金控,2017-08-18,11.60,11.62
002670.SZ,国盛金控,2017-08-21,11.69,12.01
002670.SZ,国盛金控,2017-08-22,12.00,11.90
002670.SZ,国盛金控,2017-08-23,11.90,11.91
002670.SZ,国盛金控,2017-08-24,11.97,11.58
002670.SZ,国盛金控,2017-08-25,11.70,11.77
002670.SZ,国盛金控,2017-08-28,11.87,12.95
002670.SZ,国盛金控,2017-08-29,13.45,14.25
002670.SZ,国盛金控,2017-08-30,14.63,15.50
002670.SZ,国盛金控,2017-08-31,15.05,16.42
002670.SZ,国盛金控,2017-09-01,16.27,16.49
002670.SZ,国盛金控,2017-09-04,16.30,17.63
002670.SZ,国盛金控,2017-09-05,17.28,17.17
002670.SZ,国盛金控,2017-09-06,16.92,17.12
002670.SZ,国盛金控,2017-09-07,17.28,16.81
002670.SZ,国盛金控,2017-09-08,16.88,17.17
002670.SZ,国盛金控,2017-09-11,16.94,17.03
002670.SZ,国盛金控,2017-09-12,16.93,17.58
002670.SZ,国盛金控,2017-09-13,17.28,17.03
002670.SZ,国盛金控,2017-09-14,16.98,16.27
002670.SZ,国盛金控,2017-09-15,16.23,16.18
002670.SZ,国盛金控,2017-09-18,15.97,16.21
002670.SZ,国盛金控,2017-09-19,16.22,16.40
002670.SZ,国盛金控,2017-09-20,16.38,16.50
002670.SZ,国盛金控,2017-09-21,16.52,15.94
002670.SZ,国盛金控,2017-09-22,15.38,14.75
002670.SZ,国盛金控,2017-09-25,14.76,14.51
002670.SZ,国盛金控,2017-09-26,14.42,14.85
002670.SZ,国盛金控,2017-09-27,14.85,14.77
002670.SZ,国盛金控,2017-09-28,14.77,14.52
002670.SZ,国盛金控,2017-09-29,14.55,14.93
002670.SZ,国盛金控,2017-10-09,15.44,14.98
002670.SZ,国盛金控,2017-10-10,14.71,14.75
002670.SZ,国盛金控,2017-10-11,14.63,14.56
002670.SZ,国盛金控,2017-10-12,14.57,14.87
002670.SZ,国盛金控,2017-10-13,14.78,14.95
002670.SZ,国盛金控,2017-10-16,14.87,14.94
002670.SZ,国盛金控,2017-10-17,14.65,14.38
002670.SZ,国盛金控,2017-10-18,14.23,14.15
002670.SZ,国盛金控,2017-10-19,14.55,14.21
002670.SZ,国盛金控,2017-10-20,13.83,14.94
002670.SZ,国盛金控,2017-10-23,14.58,14.52
002670.SZ,国盛金控,2017-10-24,14.25,14.69
002670.SZ,国盛金控,2017-10-25,14.63,15.11
002670.SZ,国盛金控,2017-10-26,15.13,15.86
002670.SZ,国盛金控,2017-10-27,15.51,15.95
002670.SZ,国盛金控,2017-10-30,15.64,14.52
002670.SZ,国盛金控,2017-10-31,14.50,14.74
002670.SZ,国盛金控,2017-11-01,14.67,14.57
002670.SZ,国盛金控,2017-11-02,14.29,14.45
002670.SZ,国盛金控,2017-11-03,14.45,13.92
002670.SZ,国盛金控,2017-11-06,14.01,14.10
002670.SZ,国盛金控,2017-11-07,14.10,14.94
002670.SZ,国盛金控,2017-11-08,14.88,16.07
002670.SZ,国盛金控,2017-11-09,15.89,16.82
002670.SZ,国盛金控,2017-11-10,16.73,16.80
002670.SZ,国盛金控,2017-11-13,16.90,16.70
002670.SZ,国盛金控,2017-11-14,16.70,16.88
002670.SZ,国盛金控,2017-11-15,16.60,16.21
002670.SZ,国盛金控,2017-11-16,16.28,16.21
002670.SZ,国盛金控,2017-11-17,16.39,15.85
002670.SZ,国盛金控,2017-11-20,15.36,14.27
002670.SZ,国盛金控,2017-11-21,14.32,15.70
002670.SZ,国盛金控,2017-11-22,16.10,17.09
002670.SZ,国盛金控,2017-11-23,17.06,16.36
002670.SZ,国盛金控,2017-11-24,16.32,16.44
002670.SZ,国盛金控,2017-11-27,15.94,15.29
002670.SZ,国盛金控,2017-11-28,15.38,15.59
002670.SZ,国盛金控,2017-11-29,15.32,16.73
002670.SZ,国盛金控,2017-11-30,16.21,16.90
002670.SZ,国盛金控,2017-12-01,16.70,17.28
002670.SZ,国盛金控,2017-12-04,17.01,16.99
002670.SZ,国盛金控,2017-12-05,17.23,17.47
002670.SZ,国盛金控,2017-12-06,16.90,17.93
002670.SZ,国盛金控,2017-12-07,17.90,17.20
002670.SZ,国盛金控,2017-12-08,16.96,17.17
002670.SZ,国盛金控,2017-12-11,16.96,17.19
002670.SZ,国盛金控,2017-12-12,17.30,16.54
002670.SZ,国盛金控,2017-12-13,16.39,16.79
002670.SZ,国盛金控,2017-12-14,16.70,16.77
002670.SZ,国盛金控,2017-12-15,16.63,17.00
002670.SZ,国盛金控,2017-12-18,16.85,16.82
002670.SZ,国盛金控,2017-12-19,16.80,16.60
002670.SZ,国盛金控,2017-12-20,16.55,15.96
002670.SZ,国盛金控,2017-12-21,15.89,15.97
002670.SZ,国盛金控,2017-12-22,15.93,15.74
002670.SZ,国盛金控,2017-12-25,15.76,15.90
002670.SZ,国盛金控,2017-12-26,15.84,15.94
002670.SZ,国盛金控,2017-12-27,15.81,15.00
002670.SZ,国盛金控,2017-12-28,14.96,14.93
002670.SZ,国盛金控,2017-12-29,14.83,14.94
002670.SZ,国盛金控,2018-01-02,15.01,14.69
002670.SZ,国盛金控,2018-01-03,14.71,14.89
002670.SZ,国盛金控,2018-01-04,14.82,14.71
002670.SZ,国盛金控,2018-01-05,14.63,15.08
002670.SZ,国盛金控,2018-01-08,14.91,15.43
002670.SZ,国盛金控,2018-01-09,15.21,15.15
002670.SZ,国盛金控,2018-01-10,15.09,15.01
002670.SZ,国盛金控,2018-01-11,14.83,14.91
002670.SZ,国盛金控,2018-01-12,14.79,15.38
002670.SZ,国盛金控,2018-01-15,15.13,14.97
002670.SZ,国盛金控,2018-01-16,14.75,15.17
002670.SZ,国盛金控,2018-01-17,15.16,15.34
002670.SZ,国盛金控,2018-01-18,15.13,15.09
002670.SZ,国盛金控,2018-01-19,15.10,15.48
002670.SZ,国盛金控,2018-01-22,15.25,15.76
002670.SZ,国盛金控,2018-01-23,15.61,15.61
002670.SZ,国盛金控,2018-01-24,15.71,15.77
002670.SZ,国盛金控,2018-01-25,15.69,15.18
002670.SZ,国盛金控,2018-01-26,15.05,14.98
002670.SZ,国盛金控,2018-01-29,14.91,14.35
002670.SZ,国盛金控,2018-01-30,14.37,14.31
002670.SZ,国盛金控,2018-01-31,14.35,13.16
002670.SZ,国盛金控,2018-02-01,13.16,12.10
002670.SZ,国盛金控,2018-02-02,11.90,11.76
002670.SZ,国盛金控,2018-02-05,11.57,12.12
002670.SZ,国盛金控,2018-02-06,11.77,10.98
002670.SZ,国盛金控,2018-02-07,11.29,10.99
002670.SZ,国盛金控,2018-02-08,11.07,11.17
002670.SZ,国盛金控,2018-02-09,10.75,10.72
002670.SZ,国盛金控,2018-02-12,10.76,10.77
002670.SZ,国盛金控,2018-02-13,11.33,11.09
002670.SZ,国盛金控,2018-02-14,10.91,11.11
002670.SZ,国盛金控,2018-02-22,11.23,11.28
002670.SZ,国盛金控,2018-02-23,11.27,11.37
002670.SZ,国盛金控,2018-02-26,11.43,11.83
002670.SZ,国盛金控,2018-02-27,11.72,11.59
002670.SZ,国盛金控,2018-02-28,11.54,11.76
002670.SZ,国盛金控,2018-03-01,11.60,11.90
002670.SZ,国盛金控,2018-03-02,11.77,12.13
002670.SZ,国盛金控,2018-03-05,12.29,12.14
002670.SZ,国盛金控,2018-03-06,12.24,12.52
002670.SZ,国盛金控,2018-03-07,12.57,12.82
002670.SZ,国盛金控,2018-03-08,12.60,12.59
002670.SZ,国盛金控,2018-03-09,12.64,12.77
002670.SZ,国盛金控,2018-03-12,13.09,12.87
002670.SZ,国盛金控,2018-03-13,12.78,12.60
002670.SZ,国盛金控,2018-03-14,12.57,12.28
002670.SZ,国盛金控,2018-03-15,12.30,12.36
002670.SZ,国盛金控,2018-03-16,12.43,12.65
002670.SZ,国盛金控,2018-03-19,12.39,12.56
002670.SZ,国盛金控,2018-03-20,12.44,12.86
002670.SZ,国盛金控,2018-03-21,12.87,12.93
002670.SZ,国盛金控,2018-03-22,12.88,12.93
002670.SZ,国盛金控,2018-03-23,12.36,12.21
002670.SZ,国盛金控,2018-03-26,11.80,12.38
002670.SZ,国盛金控,2018-03-27,12.58,12.88
002670.SZ,国盛金控,2018-03-28,12.66,12.59
002670.SZ,国盛金控,2018-03-29,12.89,13.07
002670.SZ,国盛金控,2018-03-30,13.06,13.08
002670.SZ,国盛金控,2018-04-02,11.98,12.00
002670.SZ,国盛金控,2018-04-03,11.75,11.94
002670.SZ,国盛金控,2018-04-04,11.95,11.64
002670.SZ,国盛金控,2018-04-09,11.52,12.02
002670.SZ,国盛金控,2018-04-10,11.98,12.20
002670.SZ,国盛金控,2018-04-11,12.25,12.63
002670.SZ,国盛金控,2018-04-12,12.63,13.09
002670.SZ,国盛金控,2018-04-13,12.93,12.59
002670.SZ,国盛金控,2018-04-16,12.39,12.28
002670.SZ,国盛金控,2018-04-17,12.30,12.96
002670.SZ,国盛金控,2018-04-18,13.04,13.13
002670.SZ,国盛金控,2018-04-19,13.13,12.90
002670.SZ,国盛金控,2018-04-20,12.67,12.27
002670.SZ,国盛金控,2018-04-23,12.29,12.40
002670.SZ,国盛金控,2018-04-24,12.39,12.74
002670.SZ,国盛金控,2018-04-25,12.61,12.45
002670.SZ,国盛金控,2018-04-26,12.43,12.00
002670.SZ,国盛金控,2018-04-27,12.04,12.23
002670.SZ,国盛金控,2018-05-02,12.54,12.14
002670.SZ,国盛金控,2018-05-03,11.95,12.37
002670.SZ,国盛金控,2018-05-04,12.28,12.04
002670.SZ,国盛金控,2018-05-07,12.17,12.17
002670.SZ,国盛金控,2018-05-08,12.19,12.67
002670.SZ,国盛金控,2018-05-09,12.59,12.46
002670.SZ,国盛金控,2018-05-10,12.51,12.47
002670.SZ,国盛金控,2018-05-11,12.46,12.15
002670.SZ,国盛金控,2018-05-14,12.08,12.30
002670.SZ,国盛金控,2018-05-15,11.91,11.90
002670.SZ,国盛金控,2018-05-16,11.68,11.54
002670.SZ,国盛金控,2018-05-17,11.54,11.58
002670.SZ,国盛金控,2018-05-18,11.57,11.62
002670.SZ,国盛金控,2018-05-21,11.59,11.73
002670.SZ,国盛金控,2018-05-22,11.74,11.90
002670.SZ,国盛金控,2018-05-23,11.85,11.64
002670.SZ,国盛金控,2018-05-24,11.67,11.41
002670.SZ,国盛金控,2018-05-25,11.40,11.01
002670.SZ,国盛金控,2018-05-28,11.02,11.16
002670.SZ,国盛金控,2018-05-29,11.09,11.37
002670.SZ,国盛金控,2018-05-30,11.15,11.25
002670.SZ,国盛金控,2018-05-31,11.39,11.54
002670.SZ,国盛金控,2018-06-01,11.43,11.44
002670.SZ,国盛金控,2018-06-04,11.48,11.18
002670.SZ,国盛金控,2018-06-05,11.24,11.39
002670.SZ,国盛金控,2018-06-06,11.39,11.33
002670.SZ,国盛金控,2018-06-07,11.24,11.21
002670.SZ,国盛金控,2018-06-08,11.17,10.94
002670.SZ,国盛金控,2018-06-11,10.94,10.90
002670.SZ,国盛金控,2018-06-12,10.88,10.93
002670.SZ,国盛金控,2018-06-13,10.63,10.74
002670.SZ,国盛金控,2018-06-14,10.48,10.67
002670.SZ,国盛金控,2018-06-15,10.58,10.68
002670.SZ,国盛金控,2018-06-19,10.59,10.68
002670.SZ,国盛金控,2018-06-20,10.52,10.74
002670.SZ,国盛金控,2018-06-21,10.83,10.68
002670.SZ,国盛金控,2018-06-22,10.64,10.67
002670.SZ,国盛金控,2018-06-25,10.68,10.67
002670.SZ,国盛金控,2018-06-26,10.50,10.69
002670.SZ,国盛金控,2018-06-27,10.69,10.68
002670.SZ,国盛金控,2018-06-28,10.67,10.66
002670.SZ,国盛金控,2018-06-29,10.40,10.77
002670.SZ,国盛金控,2018-07-02,10.60,10.68
002670.SZ,国盛金控,2018-07-03,10.52,10.68
002670.SZ,国盛金控,2018-07-04,10.55,10.68
002670.SZ,国盛金控,2018-07-05,10.73,10.68
002670.SZ,国盛金控,2018-07-06,10.08,10.68
002670.SZ,国盛金控,2018-07-09,10.66,10.68
002670.SZ,国盛金控,2018-07-10,10.61,10.68
002670.SZ,国盛金控,2018-07-11,10.67,10.68
002670.SZ,国盛金控,2018-07-12,10.66,10.79
002670.SZ,国盛金控,2018-07-13,10.71,10.68
002670.SZ,国盛金控,2018-07-16,10.69,10.68
002670.SZ,国盛金控,2018-07-17,10.67,10.68
002670.SZ,国盛金控,2018-07-18,10.68,10.68
002670.SZ,国盛金控,2018-07-19,10.67,10.69
002670.SZ,国盛金控,2018-07-20,10.67,11.14
002670.SZ,国盛金控,2018-07-23,10.88,11.06
002670.SZ,国盛金控,2018-07-24,11.02,11.09
002670.SZ,国盛金控,2018-07-25,11.11,10.94
002670.SZ,国盛金控,2018-07-26,10.93,10.82
002670.SZ,国盛金控,2018-07-27,10.82,10.71
002670.SZ,国盛金控,2018-07-30,10.70,10.69
002670.SZ,国盛金控,2018-07-31,10.67,10.70
002670.SZ,国盛金控,2018-08-01,10.69,10.65
002670.SZ,国盛金控,2018-08-02,10.59,10.47
002670.SZ,国盛金控,2018-08-03,10.52,10.52
002670.SZ,国盛金控,2018-08-06,10.52,10.48
002670.SZ,国盛金控,2018-08-07,10.49,10.59
002670.SZ,国盛金控,2018-08-08,10.53,10.47
002670.SZ,国盛金控,2018-08-09,10.45,10.55
002670.SZ,国盛金控,2018-08-10,10.58,10.49
002670.SZ,国盛金控,2018-08-13,10.40,10.55
002670.SZ,国盛金控,2018-08-14,10.46,10.47
002670.SZ,国盛金控,2018-08-15,10.47,10.40
002670.SZ,国盛金控,2018-08-16,10.28,10.47
002670.SZ,国盛金控,2018-08-17,10.43,10.47
002670.SZ,国盛金控,2018-08-20,10.44,10.47
002670.SZ,国盛金控,2018-08-21,10.45,10.47
002670.SZ,国盛金控,2018-08-22,10.38,10.40
002670.SZ,国盛金控,2018-08-23,10.34,10.47
002670.SZ,国盛金控,2018-08-24,10.38,10.47
002670.SZ,国盛金控,2018-08-27,10.39,10.48
002670.SZ,国盛金控,2018-08-28,10.42,10.46
002670.SZ,国盛金控,2018-08-29,10.45,10.47
002670.SZ,国盛金控,2018-08-30,10.41,10.41
002670.SZ,国盛金控,2018-08-31,10.43,10.39
002670.SZ,国盛金控,2018-09-03,10.37,10.43
002670.SZ,国盛金控,2018-09-04,10.38,10.40
002670.SZ,国盛金控,2018-09-05,10.40,10.30
002670.SZ,国盛金控,2018-09-06,10.24,10.25
002670.SZ,国盛金控,2018-09-07,10.21,10.18
002670.SZ,国盛金控,2018-09-10,10.12,9.87
002670.SZ,国盛金控,2018-09-11,9.87,9.59
002670.SZ,国盛金控,2018-09-12,9.59,9.25
002670.SZ,国盛金控,2018-09-13,9.20,9.25
002670.SZ,国盛金控,2018-09-14,9.16,9.25
002670.SZ,国盛金控,2018-09-17,9.13,9.00
002670.SZ,国盛金控,2018-09-18,8.85,9.04
002670.SZ,国盛金控,2018-09-19,9.04,9.00
002670.SZ,国盛金控,2018-09-20,8.97,8.99
002670.SZ,国盛金控,2018-09-21,9.01,9.08
002670.SZ,国盛金控,2018-09-25,9.01,9.00
002670.SZ,国盛金控,2018-09-26,8.96,8.99
002670.SZ,国盛金控,2018-09-27,8.95,9.00
002670.SZ,国盛金控,2018-09-28,8.96,9.00
002670.SZ,国盛金控,2018-10-08,8.90,9.00
002670.SZ,国盛金控,2018-10-09,8.94,9.00
002670.SZ,国盛金控,2018-10-10,8.99,8.99
002670.SZ,国盛金控,2018-10-11,8.82,8.59
002670.SZ,国盛金控,2018-10-12,8.47,8.43
002670.SZ,国盛金控,2018-10-15,8.43,8.40
002670.SZ,国盛金控,2018-10-16,8.37,8.38
002670.SZ,国盛金控,2018-10-17,8.20,8.25
002670.SZ,国盛金控,2018-10-18,8.22,8.21
002670.SZ,国盛金控,2018-10-19,8.16,8.24
002670.SZ,国盛金控,2018-10-22,8.30,9.06
002670.SZ,国盛金控,2018-10-23,9.24,8.84
002670.SZ,国盛金控,2018-10-24,8.48,8.87
002670.SZ,国盛金控,2018-10-25,8.29,9.12
002670.SZ,国盛金控,2018-10-26,9.02,8.85
002670.SZ,国盛金控,2018-10-29,8.85,8.70
002670.SZ,国盛金控,2018-10-30,8.61,9.10
002670.SZ,国盛金控,2018-10-31,9.10,9.33
002670.SZ,国盛金控,2018-11-01,9.21,9.26
002670.SZ,国盛金控,2018-11-02,9.31,9.42
002670.SZ,国盛金控,2018-11-05,9.32,9.69
002670.SZ,国盛金控,2018-11-06,9.68,9.56
002670.SZ,国盛金控,2018-11-07,9.40,9.28
002670.SZ,国盛金控,2018-11-08,9.35,9.10
002670.SZ,国盛金控,2018-11-09,9.04,9.17
002670.SZ,国盛金控,2018-11-12,9.17,9.29
002670.SZ,国盛金控,2018-11-13,9.15,9.60
002670.SZ,国盛金控,2018-11-14,9.48,9.35
002670.SZ,国盛金控,2018-11-15,9.36,10.29
002670.SZ,国盛金控,2018-11-16,10.99,11.32
002670.SZ,国盛金控,2018-11-19,12.30,12.45
002670.SZ,国盛金控,2018-11-20,11.83,11.55
002670.SZ,国盛金控,2018-11-21,11.44,11.47
002670.SZ,国盛金控,2018-11-22,11.30,11.37
002670.SZ,国盛金控,2018-11-23,11.30,10.72
002670.SZ,国盛金控,2018-11-26,10.56,10.92
002670.SZ,国盛金控,2018-11-27,10.98,10.88
002670.SZ,国盛金控,2018-11-28,10.70,10.96
002670.SZ,国盛金控,2018-11-29,10.87,10.30
002670.SZ,国盛金控,2018-11-30,10.06,10.33
002670.SZ,国盛金控,2018-12-03,10.82,10.52
002670.SZ,国盛金控,2018-12-04,10.63,11.14
002670.SZ,国盛金控,2018-12-05,10.72,11.40
002670.SZ,国盛金控,2018-12-06,11.20,11.10
002670.SZ,国盛金控,2018-12-07,11.20,10.47
002670.SZ,国盛金控,2018-12-10,10.20,10.06
002670.SZ,国盛金控,2018-12-11,10.16,10.12
002670.SZ,国盛金控,2018-12-12,10.16,10.02
002670.SZ,国盛金控,2018-12-13,10.03,10.14
002670.SZ,国盛金控,2018-12-14,10.12,9.62
002670.SZ,国盛金控,2018-12-17,9.58,10.09
002670.SZ,国盛金控,2018-12-18,10.00,10.08
002670.SZ,国盛金控,2018-12-19,10.01,9.90
002670.SZ,国盛金控,2018-12-20,9.86,10.12
002670.SZ,国盛金控,2018-12-21,10.00,10.01
002670.SZ,国盛金控,2018-12-24,9.99,9.82
002670.SZ,国盛金控,2018-12-25,9.66,9.49
002670.SZ,国盛金控,2018-12-26,9.41,9.62
002670.SZ,国盛金控,2018-12-27,9.82,9.96
002670.SZ,国盛金控,2018-12-28,10.08,10.08
002670.SZ,国盛金控,2019-01-02,10.02,10.17
002670.SZ,国盛金控,2019-01-03,10.17,10.33
002670.SZ,国盛金控,2019-01-04,10.26,11.26
002670.SZ,国盛金控,2019-01-07,11.04,10.88
002670.SZ,国盛金控,2019-01-08,10.75,10.60
002670.SZ,国盛金控,2019-01-09,10.54,10.56
002670.SZ,国盛金控,2019-01-10,10.52,10.43
002670.SZ,国盛金控,2019-01-11,10.43,10.43
002670.SZ,国盛金控,2019-01-14,10.55,10.29
002670.SZ,国盛金控,2019-01-15,10.21,10.45
002670.SZ,国盛金控,2019-01-16,10.43,10.10
002670.SZ,国盛金控,2019-01-17,10.15,10.38
002670.SZ,国盛金控,2019-01-18,10.26,10.20
002670.SZ,国盛金控,2019-01-21,10.18,9.98
002670.SZ,国盛金控,2019-01-22,9.88,9.80
002670.SZ,国盛金控,2019-01-23,9.77,9.64
002670.SZ,国盛金控,2019-01-24,9.70,9.73
002670.SZ,国盛金控,2019-01-25,9.75,9.45
002670.SZ,国盛金控,2019-01-28,9.60,9.40
002670.SZ,国盛金控,2019-01-29,9.42,9.18
002670.SZ,国盛金控,2019-01-30,9.19,8.94
002670.SZ,国盛金控,2019-01-31,8.90,8.70
002670.SZ,国盛金控,2019-02-01,8.88,9.29
002670.SZ,国盛金控,2019-02-11,9.31,9.39
002670.SZ,国盛金控,2019-02-12,9.39,9.42
002670.SZ,国盛金控,2019-02-13,9.42,9.68
002670.SZ,国盛金控,2019-02-14,9.60,9.54
002670.SZ,国盛金控,2019-02-15,9.55,9.46
002670.SZ,国盛金控,2019-02-18,9.52,9.90
002670.SZ,国盛金控,2019-02-19,9.92,10.30
002670.SZ,国盛金控,2019-02-20,10.20,10.11
002670.SZ,国盛金控,2019-02-21,10.12,10.09
002670.SZ,国盛金控,2019-02-22,10.16,11.10
002670.SZ,国盛金控,2019-02-25,11.71,12.21
002670.SZ,国盛金控,2019-02-26,12.40,11.77
002670.SZ,国盛金控,2019-02-27,11.66,11.60
002670.SZ,国盛金控,2019-02-28,11.67,11.07
002670.SZ,国盛金控,2019-03-01,11.30,12.18
002670.SZ,国盛金控,2019-03-04,12.84,13.40
002670.SZ,国盛金控,2019-03-05,13.15,14.74
002670.SZ,国盛金控,2019-03-06,14.16,15.60
002670.SZ,国盛金控,2019-03-07,15.39,15.46
002670.SZ,国盛金控,2019-03-08,13.91,13.91
002670.SZ,国盛金控,2019-03-11,13.28,13.53
002670.SZ,国盛金控,2019-03-12,13.65,13.73
002670.SZ,国盛金控,2019-03-13,13.65,13.35
002670.SZ,国盛金控,2019-03-14,13.06,12.71
002670.SZ,国盛金控,2019-03-15,12.95,12.90
002670.SZ,国盛金控,2019-03-18,12.92,13.15
002670.SZ,国盛金控,2019-03-19,13.25,13.12
002670.SZ,国盛金控,2019-03-20,12.93,13.25
002670.SZ,国盛金控,2019-03-21,13.39,13.39
002670.SZ,国盛金控,2019-03-22,13.35,13.03
002670.SZ,国盛金控,2019-03-25,12.60,12.41
002670.SZ,国盛金控,2019-03-26,12.55,12.66
002670.SZ,国盛金控,2019-03-27,12.96,13.93
002670.SZ,国盛金控,2019-03-28,13.66,14.07
002670.SZ,国盛金控,2019-03-29,13.97,14.97
002670.SZ,国盛金控,2019-04-01,14.66,14.90
002670.SZ,国盛金控,2019-04-02,14.61,14.30
002670.SZ,国盛金控,2019-04-03,14.06,14.58
002670.SZ,国盛金控,2019-04-04,14.59,14.09
002670.SZ,国盛金控,2019-04-08,14.26,15.14
002670.SZ,国盛金控,2019-04-09,14.78,14.60
002670.SZ,国盛金控,2019-04-10,14.54,14.01
002670.SZ,国盛金控,2019-04-11,14.00,13.49
002670.SZ,国盛金控,2019-04-12,13.40,13.52
002670.SZ,国盛金控,2019-04-15,13.85,13.08
002670.SZ,国盛金控,2019-04-16,12.98,13.60
002670.SZ,国盛金控,2019-04-17,13.44,13.34
002670.SZ,国盛金控,2019-04-18,13.36,13.23
002670.SZ,国盛金控,2019-04-19,13.39,13.39
002670.SZ,国盛金控,2019-04-22,13.50,13.02
002670.SZ,国盛金控,2019-04-23,12.88,13.04
002670.SZ,国盛金控,2019-04-24,13.01,13.25
002670.SZ,国盛金控,2019-04-25,13.28,12.81
002670.SZ,国盛金控,2019-04-26,12.66,12.81
002670.SZ,国盛金控,2019-04-29,12.40,11.53
002670.SZ,国盛金控,2019-04-30,11.25,11.37
002670.SZ,国盛金控,2019-05-06,10.50,10.68
002670.SZ,国盛金控,2019-05-07,10.78,11.12
002670.SZ,国盛金控,2019-05-08,10.80,10.96
002670.SZ,国盛金控,2019-05-09,10.69,10.86
002670.SZ,国盛金控,2019-05-10,11.08,11.26
002670.SZ,国盛金控,2019-05-13,10.99,10.88
002670.SZ,国盛金控,2019-05-14,10.66,10.91
002670.SZ,国盛金控,2019-05-15,11.03,11.01
002670.SZ,国盛金控,2019-05-16,10.90,10.88
002670.SZ,国盛金控,2019-05-17,10.97,10.46
002670.SZ,国盛金控,2019-05-20,10.05,10.37
002670.SZ,国盛金控,2019-05-21,10.29,10.50
002670.SZ,国盛金控,2019-05-22,10.42,10.68
002670.SZ,国盛金控,2019-05-23,10.53,10.46
002670.SZ,国盛金控,2019-05-24,10.45,10.63
002670.SZ,国盛金控,2019-05-27,10.70,10.95
002670.SZ,国盛金控,2019-05-28,10.83,10.86
002670.SZ,国盛金控,2019-05-29,10.83,10.86
002670.SZ,国盛金控,2019-05-30,10.80,10.62
002670.SZ,国盛金控,2019-05-31,10.64,10.96
002670.SZ,国盛金控,2019-06-03,11.09,10.76
002670.SZ,国盛金控,2019-06-04,10.65,10.84
002670.SZ,国盛金控,2019-06-05,11.03,10.82
002670.SZ,国盛金控,2019-06-06,10.70,10.43
002670.SZ,国盛金控,2019-06-10,10.12,10.03
002670.SZ,国盛金控,2019-06-11,10.09,11.03
002670.SZ,国盛金控,2019-06-12,11.80,11.41
002670.SZ,国盛金控,2019-06-13,11.44,11.33
002670.SZ,国盛金控,2019-06-14,11.58,11.28
002670.SZ,国盛金控,2019-06-17,11.16,11.17
002670.SZ,国盛金控,2019-06-18,11.16,11.64
002670.SZ,国盛金控,2019-06-19,12.55,11.62
002670.SZ,国盛金控,2019-06-20,11.29,12.10
002670.SZ,国盛金控,2019-06-21,11.94,11.96
002670.SZ,国盛金控,2019-06-24,12.02,11.80
002670.SZ,国盛金控,2019-06-25,11.91,12.39
002670.SZ,国盛金控,2019-06-26,11.70,11.63
002670.SZ,国盛金控,2019-06-27,11.67,12.05
002670.SZ,国盛金控,2019-06-28,12.10,12.60
002670.SZ,国盛金控,2019-07-01,12.97,12.80
002670.SZ,国盛金控,2019-07-02,12.60,12.44
002670.SZ,国盛金控,2019-07-03,12.46,12.28
002670.SZ,国盛金控,2019-07-04,12.30,12.46
002670.SZ,国盛金控,2019-07-05,12.35,12.15
002670.SZ,国盛金控,2019-07-08,12.01,11.63
002670.SZ,国盛金控,2019-07-09,11.56,11.78
002670.SZ,国盛金控,2019-07-10,11.77,11.42
002670.SZ,国盛金控,2019-07-11,11.66,11.93
002670.SZ,国盛金控,2019-07-12,11.75,11.75
002670.SZ,国盛金控,2019-07-15,11.61,11.94
002670.SZ,国盛金控,2019-07-16,11.80,11.78
002670.SZ,国盛金控,2019-07-17,11.78,11.73
002670.SZ,国盛金控,2019-07-18,11.59,11.41
002670.SZ,国盛金控,2019-07-19,11.49,11.51
002670.SZ,国盛金控,2019-07-22,11.60,10.98
002670.SZ,国盛金控,2019-07-23,11.05,11.06
002670.SZ,国盛金控,2019-07-24,11.09,11.12
002670.SZ,国盛金控,2019-07-25,11.05,11.16
002670.SZ,国盛金控,2019-07-26,11.08,11.09
002670.SZ,国盛金控,2019-07-29,11.04,10.93
002670.SZ,国盛金控,2019-07-30,10.94,11.15
002670.SZ,国盛金控,2019-07-31,11.07,11.07
002670.SZ,国盛金控,2019-08-01,10.98,10.99
002670.SZ,国盛金控,2019-08-02,10.49,10.62
002670.SZ,国盛金控,2019-08-05,10.65,10.49
002670.SZ,国盛金控,2019-08-06,10.20,10.50
002670.SZ,国盛金控,2019-08-07,10.52,10.18
002670.SZ,国盛金控,2019-08-08,10.44,10.21
002670.SZ,国盛金控,2019-08-09,10.25,10.03
002670.SZ,国盛金控,2019-08-12,10.16,10.25
002670.SZ,国盛金控,2019-08-13,10.15,10.24
002670.SZ,国盛金控,2019-08-14,10.49,10.22
002670.SZ,国盛金控,2019-08-15,9.91,10.19
002670.SZ,国盛金控,2019-08-16,10.18,10.18
002670.SZ,国盛金控,2019-08-19,10.30,10.80
002670.SZ,国盛金控,2019-08-20,10.76,10.62
002670.SZ,国盛金控,2019-08-21,10.63,10.49
002670.SZ,国盛金控,2019-08-22,10.65,10.77
002670.SZ,国盛金控,2019-08-23,10.68,10.60
002670.SZ,国盛金控,2019-08-26,10.26,10.33
002670.SZ,国盛金控,2019-08-27,10.43,10.48
002670.SZ,国盛金控,2019-08-28,10.50,10.30
002670.SZ,国盛金控,2019-08-29,10.29,10.20
002670.SZ,国盛金控,2019-08-30,10.32,10.10
002670.SZ,国盛金控,2019-09-02,10.12,11.11
002670.SZ,国盛金控,2019-09-03,11.31,11.79
002670.SZ,国盛金控,2019-09-04,11.51,12.47
002670.SZ,国盛金控,2019-09-05,12.85,12.46
002670.SZ,国盛金控,2019-09-06,12.63,12.52
002670.SZ,国盛金控,2019-09-09,12.50,12.62
002670.SZ,国盛金控,2019-09-10,12.55,12.48
002670.SZ,国盛金控,2019-09-11,12.60,12.57
002670.SZ,国盛金控,2019-09-12,12.70,13.08
002670.SZ,国盛金控,2019-09-16,13.00,12.80
002670.SZ,国盛金控,2019-09-17,12.64,12.34
002670.SZ,国盛金控,2019-09-18,12.35,12.21
002670.SZ,国盛金控,2019-09-19,12.30,12.33
002670.SZ,国盛金控,2019-09-20,12.29,12.12
002670.SZ,国盛金控,2019-09-23,12.05,12.23
002670.SZ,国盛金控,2019-09-24,12.28,12.07
002670.SZ,国盛金控,2019-09-25,11.89,11.81
002670.SZ,国盛金控,2019-09-26,11.90,11.49
002670.SZ,国盛金控,2019-09-27,11.65,11.85
002670.SZ,国盛金控,2019-09-30,11.84,11.35
002670.SZ,国盛金控,2019-10-08,11.33,11.35
002670.SZ,国盛金控,2019-10-09,11.20,11.46
002670.SZ,国盛金控,2019-10-10,11.45,11.49
002670.SZ,国盛金控,2019-10-11,11.50,11.84
002670.SZ,国盛金控,2019-10-14,12.10,12.00
002670.SZ,国盛金控,2019-10-15,11.76,11.52
002670.SZ,国盛金控,2019-10-16,11.52,11.42
002670.SZ,国盛金控,2019-10-17,11.39,11.41
002670.SZ,国盛金控,2019-10-18,11.46,11.11
002670.SZ,国盛金控,2019-10-21,11.11,10.87
002670.SZ,国盛金控,2019-10-22,11.00,11.04
002670.SZ,国盛金控,2019-10-23,11.01,10.90
002670.SZ,国盛金控,2019-10-24,10.90,10.92
002670.SZ,国盛金控,2019-10-25,10.92,11.28
002670.SZ,国盛金控,2019-10-28,11.75,12.41
002670.SZ,国盛金控,2019-10-29,12.20,11.61
002670.SZ,国盛金控,2019-10-30,11.35,11.40
002670.SZ,国盛金控,2019-10-31,11.49,11.23
002670.SZ,国盛金控,2019-11-01,11.19,11.53
002670.SZ,国盛金控,2019-11-04,11.52,11.37
002670.SZ,国盛金控,2019-11-05,11.38,11.84
002670.SZ,国盛金控,2019-11-06,11.72,11.84
002670.SZ,国盛金控,2019-11-07,11.80,12.07
002670.SZ,国盛金控,2019-11-08,12.07,11.63
002670.SZ,国盛金控,2019-11-11,11.59,11.60
002670.SZ,国盛金控,2019-11-12,11.57,12.14
002670.SZ,国盛金控,2019-11-13,11.92,12.13
002670.SZ,国盛金控,2019-11-14,12.10,11.88
002670.SZ,国盛金控,2019-11-15,11.77,11.58
002670.SZ,国盛金控,2019-11-18,11.54,11.78
002670.SZ,国盛金控,2019-11-19,11.69,11.81
002670.SZ,国盛金控,2019-11-20,11.75,11.82
002670.SZ,国盛金控,2019-11-21,11.76,12.00
002670.SZ,国盛金控,2019-11-22,12.05,11.68
002670.SZ,国盛金控,2019-11-25,11.56,11.10
002670.SZ,国盛金控,2019-11-26,11.14,10.92
002670.SZ,国盛金控,2019-11-27,10.91,10.88
002670.SZ,国盛金控,2019-11-28,10.91,10.98
002670.SZ,国盛金控,2019-11-29,10.98,11.10
002670.SZ,国盛金控,2019-12-02,11.28,11.03
002670.SZ,国盛金控,2019-12-03,10.99,11.13
002670.SZ,国盛金控,2019-12-04,11.01,11.07
002670.SZ,国盛金控,2019-12-05,11.11,11.18
002670.SZ,国盛金控,2019-12-06,11.14,11.13
002670.SZ,国盛金控,2019-12-09,11.22,11.06
002670.SZ,国盛金控,2019-12-10,11.00,10.97
002670.SZ,国盛金控,2019-12-11,10.94,11.01
002670.SZ,国盛金控,2019-12-12,11.01,10.92
002670.SZ,国盛金控,2019-12-13,11.09,11.49
002670.SZ,国盛金控,2019-12-16,11.48,11.59
002670.SZ,国盛金控,2019-12-17,11.51,12.36
002670.SZ,国盛金控,2019-12-18,12.30,12.36
002670.SZ,国盛金控,2019-12-19,12.41,12.32
002670.SZ,国盛金控,2019-12-20,12.36,12.21
002670.SZ,国盛金控,2019-12-23,12.10,11.85
002670.SZ,国盛金控,2019-12-24,11.94,11.99
002670.SZ,国盛金控,2019-12-25,11.93,11.88
002670.SZ,国盛金控,2019-12-26,11.88,12.17
002670.SZ,国盛金控,2019-12-27,12.07,11.72
002670.SZ,国盛金控,2019-12-30,11.60,12.20
002670.SZ,国盛金控,2019-12-31,12.19,12.71
002670.SZ,国盛金控,2020-01-02,13.02,12.54
002670.SZ,国盛金控,2020-01-03,12.60,12.80
002670.SZ,国盛金控,2020-01-06,12.40,12.59
002670.SZ,国盛金控,2020-01-07,12.86,12.66
002670.SZ,国盛金控,2020-01-08,12.41,12.18
002670.SZ,国盛金控,2020-01-09,12.39,12.30
002670.SZ,国盛金控,2020-01-10,12.60,12.20
002670.SZ,国盛金控,2020-01-13,12.07,12.32
002670.SZ,国盛金控,2020-01-14,12.35,12.15
002670.SZ,国盛金控,2020-01-15,12.10,12.19
002670.SZ,国盛金控,2020-01-16,12.23,12.05
002670.SZ,国盛金控,2020-01-17,12.09,12.07
002670.SZ,国盛金控,2020-01-20,12.07,12.23
002670.SZ,国盛金控,2020-01-21,12.15,12.01
002670.SZ,国盛金控,2020-01-22,11.96,12.13
002670.SZ,国盛金控,2020-01-23,12.03,11.50
002670.SZ,国盛金控,2020-02-03,10.35,10.35
002670.SZ,国盛金控,2020-02-04,9.32,9.97
002670.SZ,国盛金控,2020-02-05,9.97,10.08
002670.SZ,国盛金控,2020-02-06,10.07,10.30
002670.SZ,国盛金控,2020-02-07,10.23,10.27
002670.SZ,国盛金控,2020-02-10,10.20,10.40
002670.SZ,国盛金控,2020-02-11,10.52,10.34
002670.SZ,国盛金控,2020-02-12,10.30,10.49
002670.SZ,国盛金控,2020-02-13,10.57,10.42
002670.SZ,国盛金控,2020-02-14,10.38,10.58
002670.SZ,国盛金控,2020-02-17,10.80,11.00
002670.SZ,国盛金控,2020-02-18,10.92,10.92
002670.SZ,国盛金控,2020-02-19,10.87,10.89
002670.SZ,国盛金控,2020-02-20,10.95,11.86
002670.SZ,国盛金控,2020-02-21,11.66,11.71
002670.SZ,国盛金控,2020-02-24,11.60,11.72
002670.SZ,国盛金控,2020-02-25,11.39,11.90
002670.SZ,国盛金控,2020-02-26,11.68,11.89
002670.SZ,国盛金控,2020-02-27,11.98,11.72
002670.SZ,国盛金控,2020-02-28,11.22,10.69
002670.SZ,国盛金控,2020-03-02,10.85,11.23
002670.SZ,国盛金控,2020-03-03,11.60,11.35
002670.SZ,国盛金控,2020-03-04,11.41,11.77
002670.SZ,国盛金控,2020-03-05,11.90,12.02
002670.SZ,国盛金控,2020-03-06,11.80,11.58
002670.SZ,国盛金控,2020-03-09,11.27,11.10
002670.SZ,国盛金控,2020-03-10,11.16,11.49
002670.SZ,国盛金控,2020-03-11,11.49,11.22
002670.SZ,国盛金控,2020-03-12,11.06,11.03
002670.SZ,国盛金控,2020-03-13,10.40,10.82
002670.SZ,国盛金控,2020-03-16,10.83,10.03
002670.SZ,国盛金控,2020-03-17,10.15,10.10
002670.SZ,国盛金控,2020-03-18,10.11,9.81
002670.SZ,国盛金控,2020-03-19,9.81,9.96
002670.SZ,国盛金控,2020-03-20,10.06,10.03
002670.SZ,国盛金控,2020-03-23,9.76,9.56
002670.SZ,国盛金控,2020-03-24,9.80,9.78
002670.SZ,国盛金控,2020-03-25,10.01,10.00
002670.SZ,国盛金控,2020-03-26,9.91,10.01
002670.SZ,国盛金控,2020-03-27,10.11,10.01
002670.SZ,国盛金控,2020-03-30,9.90,9.85
002670.SZ,国盛金控,2020-03-31,9.95,9.73
002670.SZ,国盛金控,2020-04-01,9.77,10.00
002670.SZ,国盛金控,2020-04-02,9.81,10.13
002670.SZ,国盛金控,2020-04-03,10.11,9.94
002670.SZ,国盛金控,2020-04-07,10.12,10.14
002670.SZ,国盛金控,2020-04-08,10.07,10.07
002670.SZ,国盛金控,2020-04-09,10.16,10.10
002670.SZ,国盛金控,2020-04-10,10.13,9.94
002670.SZ,国盛金控,2020-04-13,9.95,10.27
002670.SZ,国盛金控,2020-04-14,10.26,10.29
002670.SZ,国盛金控,2020-04-15,10.17,10.05
002670.SZ,国盛金控,2020-04-16,9.71,9.72
002670.SZ,国盛金控,2020-04-17,9.74,9.61
002670.SZ,国盛金控,2020-04-20,9.61,9.52
002670.SZ,国盛金控,2020-04-21,9.51,9.46
002670.SZ,国盛金控,2020-04-22,9.34,9.25
002670.SZ,国盛金控,2020-04-23,9.29,9.11
002670.SZ,国盛金控,2020-04-24,9.11,8.73
002670.SZ,国盛金控,2020-04-27,8.78,8.52
002670.SZ,国盛金控,2020-04-28,8.69,8.52
002670.SZ,国盛金控,2020-04-29,8.52,8.48
002670.SZ,国盛金控,2020-04-30,8.52,8.75
002670.SZ,国盛金控,2020-05-06,8.52,8.80
002670.SZ,国盛金控,2020-05-07,8.79,8.81
002670.SZ,国盛金控,2020-05-08,8.89,9.00
002670.SZ,国盛金控,2020-05-11,9.09,8.94
002670.SZ,国盛金控,2020-05-12,8.93,8.87
002670.SZ,国盛金控,2020-05-13,8.83,8.95
002670.SZ,国盛金控,2020-05-14,8.89,8.80
002670.SZ,国盛金控,2020-05-15,9.00,8.87
002670.SZ,国盛金控,2020-05-18,8.75,8.70
002670.SZ,国盛金控,2020-05-19,8.75,8.74
002670.SZ,国盛金控,2020-05-20,8.77,8.67
002670.SZ,国盛金控,2020-05-21,8.68,8.53
002670.SZ,国盛金控,2020-05-22,8.56,8.38
002670.SZ,国盛金控,2020-05-25,8.38,8.48
002670.SZ,国盛金控,2020-05-26,8.42,8.57
002670.SZ,国盛金控,2020-05-27,8.57,8.40
002670.SZ,国盛金控,2020-05-28,8.49,8.50
002670.SZ,国盛金控,2020-05-29,8.54,8.61
002670.SZ,国盛金控,2020-06-01,8.81,8.97
002670.SZ,国盛金控,2020-06-02,8.90,8.89
002670.SZ,国盛金控,2020-06-03,8.94,8.76
002670.SZ,国盛金控,2020-06-04,8.81,8.68
002670.SZ,国盛金控,2020-06-05,8.69,8.87
002670.SZ,国盛金控,2020-06-08,8.88,8.73
002670.SZ,国盛金控,2020-06-09,8.76,8.78
002670.SZ,国盛金控,2020-06-10,8.76,8.72
002670.SZ,国盛金控,2020-06-11,8.80,9.26
002670.SZ,国盛金控,2020-06-12,9.03,9.20
002670.SZ,国盛金控,2020-06-15,9.30,9.01
002670.SZ,国盛金控,2020-06-16,9.16,9.11
002670.SZ,国盛金控,2020-06-17,9.09,9.04
002670.SZ,国盛金控,2020-06-18,9.00,9.33
002670.SZ,国盛金控,2020-06-19,9.31,9.49
002670.SZ,国盛金控,2020-06-22,9.40,9.54
002670.SZ,国盛金控,2020-06-23,9.48,9.50
002670.SZ,国盛金控,2020-06-24,9.51,9.33
002670.SZ,国盛金控,2020-06-29,9.30,9.01
002670.SZ,国盛金控,2020-06-30,9.06,9.15
002670.SZ,国盛金控,2020-07-01,9.14,9.23
002670.SZ,国盛金控,2020-07-02,9.21,9.85
002670.SZ,国盛金控,2020-07-03,9.98,10.54
002670.SZ,国盛金控,2020-07-06,10.72,11.39
002670.SZ,国盛金控,2020-07-07,11.24,10.87
002670.SZ,国盛金控,2020-07-08,10.86,11.35
002670.SZ,国盛金控,2020-07-09,11.28,11.84
002670.SZ,国盛金控,2020-07-10,11.51,11.73
002670.SZ,国盛金控,2020-07-13,11.51,11.85
002670.SZ,国盛金控,2020-07-14,11.74,11.63
002670.SZ,国盛金控,2020-07-15,11.60,10.90
002670.SZ,国盛金控,2020-07-16,10.99,10.47
002670.SZ,国盛金控,2020-07-17,10.91,10.88
002670.SZ,国盛金控,2020-07-20,10.50,11.13
002670.SZ,国盛金控,2020-07-21,10.89,10.59
002670.SZ,国盛金控,2020-07-22,10.56,10.53
002670.SZ,国盛金控,2020-07-23,10.30,10.41
002670.SZ,国盛金控,2020-07-24,10.29,9.73
002670.SZ,国盛金控,2020-07-27,9.77,9.64
002670.SZ,国盛金控,2020-07-28,9.65,9.69
002670.SZ,国盛金控,2020-07-29,9.64,10.08
002670.SZ,国盛金控,2020-07-30,10.06,9.88
002670.SZ,国盛金控,2020-07-31,9.91,10.19
002670.SZ,国盛金控,2020-08-03,10.30,10.32
002670.SZ,国盛金控,2020-08-04,10.28,10.26
002670.SZ,国盛金控,2020-08-05,10.18,10.17
002670.SZ,国盛金控,2020-08-06,10.28,11.19
002670.SZ,国盛金控,2020-08-07,11.00,12.31
002670.SZ,国盛金控,2020-08-10,11.70,11.38
002670.SZ,国盛金控,2020-08-11,11.40,11.23
002670.SZ,国盛金控,2020-08-12,10.88,10.99
002670.SZ,国盛金控,2020-08-13,10.95,10.75
002670.SZ,国盛金控,2020-08-14,10.61,10.75
002670.SZ,国盛金控,2020-08-17,10.62,10.93
002670.SZ,国盛金控,2020-08-18,10.78,10.66
002670.SZ,国盛金控,2020-08-19,10.57,10.32
002670.SZ,国盛金控,2020-08-20,10.24,10.36
002670.SZ,国盛金控,2020-08-21,10.32,10.38
002670.SZ,国盛金控,2020-08-24,10.39,10.31
002670.SZ,国盛金控,2020-08-25,10.35,10.45
002670.SZ,国盛金控,2020-08-26,10.40,10.03
002670.SZ,国盛金控,2020-08-27,10.03,10.00
002670.SZ,国盛金控,2020-08-28,9.97,10.24
002670.SZ,国盛金控,2020-08-31,10.20,10.06
002670.SZ,国盛金控,2020-09-01,10.08,10.07
002670.SZ,国盛金控,2020-09-02,10.10,10.10
002670.SZ,国盛金控,2020-09-03,10.07,10.04
002670.SZ,国盛金控,2020-09-04,9.90,9.99
002670.SZ,国盛金控,2020-09-07,9.93,9.77
002670.SZ,国盛金控,2020-09-08,9.76,10.00
002670.SZ,国盛金控,2020-09-09,9.88,9.77
002670.SZ,国盛金控,2020-09-10,9.89,9.39
002670.SZ,国盛金控,2020-09-11,9.39,9.41
002670.SZ,国盛金控,2020-09-14,9.48,9.44
002670.SZ,国盛金控,2020-09-15,9.45,9.41
002670.SZ,国盛金控,2020-09-16,9.39,9.31
002670.SZ,国盛金控,2020-09-17,9.32,9.34
002670.SZ,国盛金控,2020-09-18,9.35,9.70
002670.SZ,国盛金控,2020-09-21,9.95,9.97
002670.SZ,国盛金控,2020-09-22,9.84,10.02
002670.SZ,国盛金控,2020-09-23,10.30,10.32
002670.SZ,国盛金控,2020-09-24,10.03,9.92
002670.SZ,国盛金控,2020-09-25,10.00,9.95
002670.SZ,国盛金控,2020-09-28,9.85,9.85
002670.SZ,国盛金控,2020-09-29,9.86,9.86
002670.SZ,国盛金控,2020-09-30,9.86,9.58
002670.SZ,国盛金控,2020-10-09,9.85,10.03
002670.SZ,国盛金控,2020-10-12,10.05,10.30
002670.SZ,国盛金控,2020-10-13,10.13,10.09
002670.SZ,国盛金控,2020-10-14,10.02,9.90
002670.SZ,国盛金控,2020-10-15,9.83,9.77
002670.SZ,国盛金控,2020-10-16,9.68,9.67
002670.SZ,国盛金控,2020-10-19,9.74,9.55
002670.SZ,国盛金控,2020-10-20,9.59,9.67
002670.SZ,国盛金控,2020-10-21,9.58,9.50
002670.SZ,国盛金控,2020-10-22,9.42,9.59
002670.SZ,国盛金控,2020-10-23,9.55,9.75
002670.SZ,国盛金控,2020-10-26,9.51,9.35
002670.SZ,国盛金控,2020-10-27,9.30,9.35
002670.SZ,国盛金控,2020-10-28,9.32,9.37
002670.SZ,国盛金控,2020-10-29,9.28,9.35
002670.SZ,国盛金控,2020-10-30,9.35,8.85
002670.SZ,国盛金控,2020-11-02,8.85,8.92
002670.SZ,国盛金控,2020-11-03,8.96,9.18
002670.SZ,国盛金控,2020-11-04,9.14,9.06
002670.SZ,国盛金控,2020-11-05,9.13,9.14
002670.SZ,国盛金控,2020-11-06,9.19,9.13
002670.SZ,国盛金控,2020-11-09,9.18,9.35
002670.SZ,国盛金控,2020-11-10,9.39,9.21
002670.SZ,国盛金控,2020-11-11,9.21,9.03
002670.SZ,国盛金控,2020-11-12,9.03,9.00
002670.SZ,国盛金控,2020-11-13,8.96,9.04
002670.SZ,国盛金控,2020-11-16,9.06,9.03
002670.SZ,国盛金控,2020-11-17,9.01,8.99
002670.SZ,国盛金控,2020-11-18,8.96,9.05
002670.SZ,国盛金控,2020-11-19,9.02,9.96
002670.SZ,国盛金控,2020-11-20,10.03,10.02
002670.SZ,国盛金控,2020-11-23,9.84,10.03
002670.SZ,国盛金控,2020-11-24,9.90,9.74
002670.SZ,国盛金控,2020-11-25,9.85,9.55
002670.SZ,国盛金控,2020-11-26,9.58,10.51
002670.SZ,国盛金控,2020-11-27,10.70,11.56
002670.SZ,国盛金控,2020-11-30,12.17,12.38
002670.SZ,国盛金控,2020-12-01,12.41,13.62
002670.SZ,国盛金控,2020-12-02,14.38,14.98
002670.SZ,国盛金控,2020-12-03,15.98,15.97
002670.SZ,国盛金控,2020-12-04,15.31,15.50
002670.SZ,国盛金控,2020-12-07,16.01,16.25
002670.SZ,国盛金控,2020-12-08,15.79,15.90
002670.SZ,国盛金控,2020-12-09,15.71,15.20
002670.SZ,国盛金控,2020-12-10,14.57,13.68
002670.SZ,国盛金控,2020-12-11,13.31,12.80
002670.SZ,国盛金控,2020-12-14,12.72,12.89
002670.SZ,国盛金控,2020-12-15,12.79,12.91
002670.SZ,国盛金控,2020-12-16,12.70,12.22
002670.SZ,国盛金控,2020-12-17,12.22,12.97
002670.SZ,国盛金控,2020-12-18,12.44,12.16
002670.SZ,国盛金控,2020-12-21,12.08,12.37
002670.SZ,国盛金控,2020-12-22,12.19,11.63
002670.SZ,国盛金控,2020-12-23,11.72,11.68
002670.SZ,国盛金控,2020-12-24,11.69,11.51
002670.SZ,国盛金控,2020-12-25,11.35,11.38
002670.SZ,国盛金控,2020-12-28,11.20,11.47
002670.SZ,国盛金控,2020-12-29,11.42,11.36
002670.SZ,国盛金控,2020-12-30,11.16,12.50
002670.SZ,国盛金控,2020-12-31,12.87,13.75
002670.SZ,国盛金控,2021-01-04,14.29,13.26
002670.SZ,国盛金控,2021-01-05,12.93,12.60
002670.SZ,国盛金控,2021-01-06,12.61,12.26
002670.SZ,国盛金控,2021-01-07,12.29,11.88
002670.SZ,国盛金控,2021-01-08,11.84,11.74
002670.SZ,国盛金控,2021-01-11,11.79,12.37
002670.SZ,国盛金控,2021-01-12,12.02,12.77
002670.SZ,国盛金控,2021-01-13,12.48,11.73
002670.SZ,国盛金控,2021-01-14,11.50,10.56
002670.SZ,国盛金控,2021-01-15,10.60,10.72
002670.SZ,国盛金控,2021-01-18,10.51,10.68
002670.SZ,国盛金控,2021-01-19,10.65,10.76

数据来源: Wind
