代码,简称,日期,开盘价(元),收盘价(元),总市值(元),industry,month,year
603505.SH,金石资源,2017-05-03,4.36,5.24,1293600000,非金属矿采选业,2017-05,2017
603505.SH,金石资源,2017-05-04,5.76,5.76,1423200000,非金属矿采选业,2017-05,2017
603505.SH,金石资源,2017-05-05,6.33,6.33,1564800000,非金属矿采选业,2017-05,2017
603505.SH,金石资源,2017-05-08,6.97,6.97,1720800000,非金属矿采选业,2017-05,2017
603505.SH,金石资源,2017-05-09,7.67,7.67,1893600000,非金属矿采选业,2017-05,2017
603505.SH,金石资源,2017-05-10,8.43,8.43,2083200000,非金属矿采选业,2017-05,2017
603505.SH,金石资源,2017-05-11,9.28,9.28,2292000000,非金属矿采选业,2017-05,2017
603505.SH,金石资源,2017-05-12,10.21,10.21,2522400000,非金属矿采选业,2017-05,2017
603505.SH,金石资源,2017-05-15,11.23,11.23,2774400000,非金属矿采选业,2017-05,2017
603505.SH,金石资源,2017-05-16,12.36,12.36,3052800000,非金属矿采选业,2017-05,2017
603505.SH,金石资源,2017-05-17,13.59,13.59,3357600000,非金属矿采选业,2017-05,2017
603505.SH,金石资源,2017-05-18,14.95,14.95,3693600000,非金属矿采选业,2017-05,2017
603505.SH,金石资源,2017-05-19,16.45,16.45,4063200000,非金属矿采选业,2017-05,2017
603505.SH,金石资源,2017-05-22,18.09,18.09,4468800000,非金属矿采选业,2017-05,2017
603505.SH,金石资源,2017-05-23,19.9,19.9,4915200000,非金属矿采选业,2017-05,2017
603505.SH,金石资源,2017-05-24,19.9,21.89,5407200000,非金属矿采选业,2017-05,2017
603505.SH,金石资源,2017-05-25,24.08,22.62,5587200000,非金属矿采选业,2017-05,2017
603505.SH,金石资源,2017-05-26,23.32,23.29,5752800000,非金属矿采选业,2017-05,2017
603505.SH,金石资源,2017-05-31,24.41,22.08,5455200000,非金属矿采选业,2017-05,2017
603505.SH,金石资源,2017-06-01,21.96,21.57,5328000000,非金属矿采选业,2017-06,2017
603505.SH,金石资源,2017-06-02,19.83,19.57,4833600000,非金属矿采选业,2017-06,2017
603505.SH,金石资源,2017-06-05,20.51,20.81,5140800000,非金属矿采选业,2017-06,2017
603505.SH,金石资源,2017-06-06,19.45,19.7,4867200000,非金属矿采选业,2017-06,2017
603505.SH,金石资源,2017-06-07,19.55,20.4,5040000000,非金属矿采选业,2017-06,2017
603505.SH,金石资源,2017-06-08,20.22,19.26,4756800000,非金属矿采选业,2017-06,2017
603505.SH,金石资源,2017-06-09,19.04,19.32,4771200000,非金属矿采选业,2017-06,2017
603505.SH,金石资源,2017-06-12,18.46,17.5,4322400000,非金属矿采选业,2017-06,2017
603505.SH,金石资源,2017-06-13,17.2,18.16,4485600000,非金属矿采选业,2017-06,2017
603505.SH,金石资源,2017-06-14,17.94,17.44,4308000000,非金属矿采选业,2017-06,2017
603505.SH,金石资源,2017-06-15,17.4,18.08,4466400000,非金属矿采选业,2017-06,2017
603505.SH,金石资源,2017-06-16,18.27,18.37,4538400000,非金属矿采选业,2017-06,2017
603505.SH,金石资源,2017-06-19,18.06,18.43,4552800000,非金属矿采选业,2017-06,2017
603505.SH,金石资源,2017-06-20,18.26,18.4,4545600000,非金属矿采选业,2017-06,2017
603505.SH,金石资源,2017-06-21,18.6,19.11,4720800000,非金属矿采选业,2017-06,2017
603505.SH,金石资源,2017-06-22,18.7,17.95,4432800000,非金属矿采选业,2017-06,2017
603505.SH,金石资源,2017-06-23,17.5,18.21,4497600000,非金属矿采选业,2017-06,2017
603505.SH,金石资源,2017-06-26,18.13,18.62,4598400000,非金属矿采选业,2017-06,2017
603505.SH,金石资源,2017-06-27,18.54,18.66,4610400000,非金属矿采选业,2017-06,2017
603505.SH,金石资源,2017-06-28,18.65,19.06,4708800000,非金属矿采选业,2017-06,2017
603505.SH,金石资源,2017-06-29,18.87,19.44,4802400000,非金属矿采选业,2017-06,2017
603505.SH,金石资源,2017-06-30,19.29,20.02,4946400000,非金属矿采选业,2017-06,2017
603505.SH,金石资源,2017-07-03,20.12,21.71,5361600000,非金属矿采选业,2017-07,2017
603505.SH,金石资源,2017-07-04,21.47,21.44,5296800000,非金属矿采选业,2017-07,2017
603505.SH,金石资源,2017-07-05,21.52,22.85,5644800000,非金属矿采选业,2017-07,2017
603505.SH,金石资源,2017-07-06,22.63,24.59,6074400000,非金属矿采选业,2017-07,2017
603505.SH,金石资源,2017-07-07,24.03,24.52,6057600000,非金属矿采选业,2017-07,2017
603505.SH,金石资源,2017-07-10,22.85,22.07,5452800000,非金属矿采选业,2017-07,2017
603505.SH,金石资源,2017-07-11,21.61,20.74,5124000000,非金属矿采选业,2017-07,2017
603505.SH,金石资源,2017-07-12,20.81,21.39,5282400000,非金属矿采选业,2017-07,2017
603505.SH,金石资源,2017-07-13,21.22,20.53,5071200000,非金属矿采选业,2017-07,2017
603505.SH,金石资源,2017-07-14,20.48,20.85,5150400000,非金属矿采选业,2017-07,2017
603505.SH,金石资源,2017-07-17,20.36,18.76,4634400000,非金属矿采选业,2017-07,2017
603505.SH,金石资源,2017-07-18,17.98,18.37,4538400000,非金属矿采选业,2017-07,2017
603505.SH,金石资源,2017-07-19,18.34,19.51,4819200000,非金属矿采选业,2017-07,2017
603505.SH,金石资源,2017-07-20,19.24,19.38,4788000000,非金属矿采选业,2017-07,2017
603505.SH,金石资源,2017-07-21,19.1,19.01,4696800000,非金属矿采选业,2017-07,2017
603505.SH,金石资源,2017-07-24,18.76,19.53,4824000000,非金属矿采选业,2017-07,2017
603505.SH,金石资源,2017-07-25,19.58,19.04,4704000000,非金属矿采选业,2017-07,2017
603505.SH,金石资源,2017-07-26,19.09,19.17,4735200000,非金属矿采选业,2017-07,2017
603505.SH,金石资源,2017-07-27,18.95,19.1,4718400000,非金属矿采选业,2017-07,2017
603505.SH,金石资源,2017-07-28,18.85,19.83,4898400000,非金属矿采选业,2017-07,2017
603505.SH,金石资源,2017-07-31,19.9,21.58,5330400000,非金属矿采选业,2017-07,2017
603505.SH,金石资源,2017-08-01,21.47,23.74,5863200000,非金属矿采选业,2017-08,2017
603505.SH,金石资源,2017-08-02,22.84,23.93,5911200000,非金属矿采选业,2017-08,2017
603505.SH,金石资源,2017-08-03,23.27,22.46,5548800000,非金属矿采选业,2017-08,2017
603505.SH,金石资源,2017-08-04,22.26,21.4,5287200000,非金属矿采选业,2017-08,2017
603505.SH,金石资源,2017-08-07,21.08,21.5,5311200000,非金属矿采选业,2017-08,2017
603505.SH,金石资源,2017-08-08,21.3,20.73,5121600000,非金属矿采选业,2017-08,2017
603505.SH,金石资源,2017-08-09,20.58,20.92,5167200000,非金属矿采选业,2017-08,2017
603505.SH,金石资源,2017-08-10,20.75,21.54,5320800000,非金属矿采选业,2017-08,2017
603505.SH,金石资源,2017-08-11,21.23,20.05,4953600000,非金属矿采选业,2017-08,2017
603505.SH,金石资源,2017-08-14,19.88,20.3,5013600000,非金属矿采选业,2017-08,2017
603505.SH,金石资源,2017-08-15,20.06,21.98,5428800000,非金属矿采选业,2017-08,2017
603505.SH,金石资源,2017-08-16,21.74,21.92,5414400000,非金属矿采选业,2017-08,2017
603505.SH,金石资源,2017-08-17,22.05,22.16,5474400000,非金属矿采选业,2017-08,2017
603505.SH,金石资源,2017-08-18,21.66,20.67,5104800000,非金属矿采选业,2017-08,2017
603505.SH,金石资源,2017-08-21,20.6,20.98,5181600000,非金属矿采选业,2017-08,2017
603505.SH,金石资源,2017-08-22,20.96,22.15,5472000000,非金属矿采选业,2017-08,2017
603505.SH,金石资源,2017-08-23,21.84,21.47,5304000000,非金属矿采选业,2017-08,2017
603505.SH,金石资源,2017-08-24,21.52,20.86,5152800000,非金属矿采选业,2017-08,2017
603505.SH,金石资源,2017-08-25,20.61,21.63,5342400000,非金属矿采选业,2017-08,2017
603505.SH,金石资源,2017-08-28,21.47,22.51,5560800000,非金属矿采选业,2017-08,2017
603505.SH,金石资源,2017-08-29,22.32,24.77,6117600000,非金属矿采选业,2017-08,2017
603505.SH,金石资源,2017-08-30,25.48,24.05,5940000000,非金属矿采选业,2017-08,2017
603505.SH,金石资源,2017-08-31,24.28,26.46,6535200000,非金属矿采选业,2017-08,2017
603505.SH,金石资源,2017-09-01,28.32,26.73,6602400000,非金属矿采选业,2017-09,2017
603505.SH,金石资源,2017-09-04,25.7,24.47,6043200000,非金属矿采选业,2017-09,2017
603505.SH,金石资源,2017-09-05,24.38,24.46,6040800000,非金属矿采选业,2017-09,2017
603505.SH,金石资源,2017-09-06,24.0,24.8,6124800000,非金属矿采选业,2017-09,2017
603505.SH,金石资源,2017-09-07,24.58,26.38,6516000000,非金属矿采选业,2017-09,2017
603505.SH,金石资源,2017-09-08,26.03,26.1,6446400000,非金属矿采选业,2017-09,2017
603505.SH,金石资源,2017-09-11,25.74,27.09,6691200000,非金属矿采选业,2017-09,2017
603505.SH,金石资源,2017-09-12,26.9,24.87,6144000000,非金属矿采选业,2017-09,2017
603505.SH,金石资源,2017-09-13,24.39,25.64,6333600000,非金属矿采选业,2017-09,2017
603505.SH,金石资源,2017-09-14,25.61,25.11,6201600000,非金属矿采选业,2017-09,2017
603505.SH,金石资源,2017-09-15,25.01,24.86,6141600000,非金属矿采选业,2017-09,2017
603505.SH,金石资源,2017-09-18,24.67,26.37,6513600000,非金属矿采选业,2017-09,2017
603505.SH,金石资源,2017-09-19,26.33,26.69,6592800000,非金属矿采选业,2017-09,2017
603505.SH,金石资源,2017-09-20,26.41,27.48,6787200000,非金属矿采选业,2017-09,2017
603505.SH,金石资源,2017-09-21,27.21,25.71,6350400000,非金属矿采选业,2017-09,2017
603505.SH,金石资源,2017-09-22,25.46,26.2,6472800000,非金属矿采选业,2017-09,2017
603505.SH,金石资源,2017-09-25,26.24,27.05,6681600000,非金属矿采选业,2017-09,2017
603505.SH,金石资源,2017-09-26,27.98,29.75,7348800000,非金属矿采选业,2017-09,2017
603505.SH,金石资源,2017-09-27,30.99,28.61,7068000000,非金属矿采选业,2017-09,2017
603505.SH,金石资源,2017-09-28,27.36,29.46,7276800000,非金属矿采选业,2017-09,2017
603505.SH,金石资源,2017-09-29,29.34,28.46,7029600000,非金属矿采选业,2017-09,2017
603505.SH,金石资源,2017-10-09,29.0,28.77,7106400000,非金属矿采选业,2017-10,2017
603505.SH,金石资源,2017-10-10,28.56,29.09,7185600000,非金属矿采选业,2017-10,2017
603505.SH,金石资源,2017-10-11,28.78,29.93,7392000000,非金属矿采选业,2017-10,2017
603505.SH,金石资源,2017-10-12,29.44,29.0,7164000000,非金属矿采选业,2017-10,2017
603505.SH,金石资源,2017-10-13,28.4,28.12,6945600000,非金属矿采选业,2017-10,2017
603505.SH,金石资源,2017-10-16,27.75,27.73,6849600000,非金属矿采选业,2017-10,2017
603505.SH,金石资源,2017-10-17,27.58,27.77,6859200000,非金属矿采选业,2017-10,2017
603505.SH,金石资源,2017-10-18,27.89,25.18,6220800000,非金属矿采选业,2017-10,2017
603505.SH,金石资源,2017-10-19,24.89,24.29,6000000000,非金属矿采选业,2017-10,2017
603505.SH,金石资源,2017-10-20,24.08,25.2,6225600000,非金属矿采选业,2017-10,2017
603505.SH,金石资源,2017-10-23,25.15,25.24,6235200000,非金属矿采选业,2017-10,2017
603505.SH,金石资源,2017-10-24,25.12,25.21,6228000000,非金属矿采选业,2017-10,2017
603505.SH,金石资源,2017-10-25,25.12,25.28,6244800000,非金属矿采选业,2017-10,2017
603505.SH,金石资源,2017-10-26,25.18,26.46,6535200000,非金属矿采选业,2017-10,2017
603505.SH,金石资源,2017-10-27,26.35,26.0,6422400000,非金属矿采选业,2017-10,2017
603505.SH,金石资源,2017-10-30,26.0,24.08,5947200000,非金属矿采选业,2017-10,2017
603505.SH,金石资源,2017-10-31,24.28,24.56,6067200000,非金属矿采选业,2017-10,2017
603505.SH,金石资源,2017-11-01,24.48,25.02,6180000000,非金属矿采选业,2017-11,2017
603505.SH,金石资源,2017-11-02,24.97,24.27,5995200000,非金属矿采选业,2017-11,2017
603505.SH,金石资源,2017-11-03,24.27,23.14,5716800000,非金属矿采选业,2017-11,2017
603505.SH,金石资源,2017-11-06,23.17,23.58,5824800000,非金属矿采选业,2017-11,2017
603505.SH,金石资源,2017-11-07,23.6,23.45,5793600000,非金属矿采选业,2017-11,2017
603505.SH,金石资源,2017-11-08,23.33,23.79,5877600000,非金属矿采选业,2017-11,2017
603505.SH,金石资源,2017-11-09,23.71,23.76,5868000000,非金属矿采选业,2017-11,2017
603505.SH,金石资源,2017-11-10,23.79,23.32,5760000000,非金属矿采选业,2017-11,2017
603505.SH,金石资源,2017-11-13,23.34,23.71,5856000000,非金属矿采选业,2017-11,2017
603505.SH,金石资源,2017-11-14,23.61,23.13,5714400000,非金属矿采选业,2017-11,2017
603505.SH,金石资源,2017-11-15,22.93,21.52,5316000000,非金属矿采选业,2017-11,2017
603505.SH,金石资源,2017-11-16,21.39,20.66,5102400000,非金属矿采选业,2017-11,2017
603505.SH,金石资源,2017-11-17,20.62,19.11,4720800000,非金属矿采选业,2017-11,2017
603505.SH,金石资源,2017-11-20,18.73,18.96,4682400000,非金属矿采选业,2017-11,2017
603505.SH,金石资源,2017-11-21,18.94,19.03,4701600000,非金属矿采选业,2017-11,2017
603505.SH,金石资源,2017-11-22,18.9,18.88,4663200000,非金属矿采选业,2017-11,2017
603505.SH,金石资源,2017-11-23,18.85,18.47,4562400000,非金属矿采选业,2017-11,2017
603505.SH,金石资源,2017-11-24,18.48,19.17,4735200000,非金属矿采选业,2017-11,2017
603505.SH,金石资源,2017-11-27,19.18,19.41,4795200000,非金属矿采选业,2017-11,2017
603505.SH,金石资源,2017-11-28,19.39,19.48,4812000000,非金属矿采选业,2017-11,2017
603505.SH,金石资源,2017-11-29,19.34,20.48,5059200000,非金属矿采选业,2017-11,2017
603505.SH,金石资源,2017-11-30,20.29,19.95,4927200000,非金属矿采选业,2017-11,2017
603505.SH,金石资源,2017-12-01,19.81,19.62,4845600000,非金属矿采选业,2017-12,2017
603505.SH,金石资源,2017-12-04,19.39,18.52,4574400000,非金属矿采选业,2017-12,2017
603505.SH,金石资源,2017-12-05,18.27,17.47,4315200000,非金属矿采选业,2017-12,2017
603505.SH,金石资源,2017-12-06,17.59,18.02,4452000000,非金属矿采选业,2017-12,2017
603505.SH,金石资源,2017-12-07,18.05,17.99,4444800000,非金属矿采选业,2017-12,2017
603505.SH,金石资源,2017-12-08,17.97,18.68,4615200000,非金属矿采选业,2017-12,2017
603505.SH,金石资源,2017-12-11,18.57,18.71,4622400000,非金属矿采选业,2017-12,2017
603505.SH,金石资源,2017-12-12,18.55,18.02,4452000000,非金属矿采选业,2017-12,2017
603505.SH,金石资源,2017-12-13,18.14,18.09,4468800000,非金属矿采选业,2017-12,2017
603505.SH,金石资源,2017-12-14,17.97,17.98,4442400000,非金属矿采选业,2017-12,2017
603505.SH,金石资源,2017-12-15,18.01,18.19,4492800000,非金属矿采选业,2017-12,2017
603505.SH,金石资源,2017-12-18,18.43,18.08,4466400000,非金属矿采选业,2017-12,2017
603505.SH,金石资源,2017-12-19,18.07,18.33,4528800000,非金属矿采选业,2017-12,2017
603505.SH,金石资源,2017-12-20,18.32,18.05,4459200000,非金属矿采选业,2017-12,2017
603505.SH,金石资源,2017-12-21,18.02,17.91,4423200000,非金属矿采选业,2017-12,2017
603505.SH,金石资源,2017-12-22,17.88,17.93,4428000000,非金属矿采选业,2017-12,2017
603505.SH,金石资源,2017-12-25,17.9,17.73,4380000000,非金属矿采选业,2017-12,2017
603505.SH,金石资源,2017-12-26,17.73,18.57,4586400000,非金属矿采选业,2017-12,2017
603505.SH,金石资源,2017-12-27,18.49,20.42,5044800000,非金属矿采选业,2017-12,2017
603505.SH,金石资源,2017-12-28,20.5,21.5,5311200000,非金属矿采选业,2017-12,2017
603505.SH,金石资源,2017-12-29,20.74,20.19,4987200000,非金属矿采选业,2017-12,2017
603505.SH,金石资源,2018-01-02,20.07,20.23,4996800000,非金属矿采选业,2018-01,2018
603505.SH,金石资源,2018-01-03,20.21,20.85,5150400000,非金属矿采选业,2018-01,2018
603505.SH,金石资源,2018-01-04,20.44,20.88,5157600000,非金属矿采选业,2018-01,2018
603505.SH,金石资源,2018-01-05,21.28,20.92,5167200000,非金属矿采选业,2018-01,2018
603505.SH,金石资源,2018-01-08,20.65,21.67,5352000000,非金属矿采选业,2018-01,2018
603505.SH,金石资源,2018-01-09,21.48,21.09,5210400000,非金属矿采选业,2018-01,2018
603505.SH,金石资源,2018-01-10,21.01,20.45,5052000000,非金属矿采选业,2018-01,2018
603505.SH,金石资源,2018-01-11,20.42,20.74,5124000000,非金属矿采选业,2018-01,2018
603505.SH,金石资源,2018-01-12,20.5,20.17,4982400000,非金属矿采选业,2018-01,2018
603505.SH,金石资源,2018-01-15,20.18,19.8,4891200000,非金属矿采选业,2018-01,2018
603505.SH,金石资源,2018-01-16,19.83,20.55,5076000000,非金属矿采选业,2018-01,2018
603505.SH,金石资源,2018-01-17,20.81,21.47,5304000000,非金属矿采选业,2018-01,2018
603505.SH,金石资源,2018-01-18,21.18,20.95,5174400000,非金属矿采选业,2018-01,2018
603505.SH,金石资源,2018-01-19,21.12,20.88,5157600000,非金属矿采选业,2018-01,2018
603505.SH,金石资源,2018-01-22,21.38,21.34,5270400000,非金属矿采选业,2018-01,2018
603505.SH,金石资源,2018-01-23,20.76,21.87,5402400000,非金属矿采选业,2018-01,2018
603505.SH,金石资源,2018-01-24,21.67,21.79,5383200000,非金属矿采选业,2018-01,2018
603505.SH,金石资源,2018-01-25,21.82,21.39,5284800000,非金属矿采选业,2018-01,2018
603505.SH,金石资源,2018-01-26,21.09,20.61,5090400000,非金属矿采选业,2018-01,2018
603505.SH,金石资源,2018-01-29,20.5,20.7,5114400000,非金属矿采选业,2018-01,2018
603505.SH,金石资源,2018-01-30,20.56,21.27,5253600000,非金属矿采选业,2018-01,2018
603505.SH,金石资源,2018-01-31,21.77,20.58,5083200000,非金属矿采选业,2018-01,2018
603505.SH,金石资源,2018-02-01,20.6,20.99,5184000000,非金属矿采选业,2018-02,2018
603505.SH,金石资源,2018-02-02,19.92,20.05,4953600000,非金属矿采选业,2018-02,2018
603505.SH,金石资源,2018-02-05,19.58,21.26,5251200000,非金属矿采选业,2018-02,2018
603505.SH,金石资源,2018-02-06,20.79,19.8,4891200000,非金属矿采选业,2018-02,2018
603505.SH,金石资源,2018-02-07,20.3,19.84,4900800000,非金属矿采选业,2018-02,2018
603505.SH,金石资源,2018-02-08,20.1,19.71,4869600000,非金属矿采选业,2018-02,2018
603505.SH,金石资源,2018-02-09,18.99,17.94,4430400000,非金属矿采选业,2018-02,2018
603505.SH,金石资源,2018-02-12,18.28,18.59,4591200000,非金属矿采选业,2018-02,2018
603505.SH,金石资源,2018-02-13,19.04,18.32,4526400000,非金属矿采选业,2018-02,2018
603505.SH,金石资源,2018-02-14,18.34,19.3,4766400000,非金属矿采选业,2018-02,2018
603505.SH,金石资源,2018-02-22,19.43,20.94,5172000000,非金属矿采选业,2018-02,2018
603505.SH,金石资源,2018-02-23,21.25,21.16,5227200000,非金属矿采选业,2018-02,2018
603505.SH,金石资源,2018-02-26,21.22,22.17,5476800000,非金属矿采选业,2018-02,2018
603505.SH,金石资源,2018-02-27,21.91,21.73,5368800000,非金属矿采选业,2018-02,2018
603505.SH,金石资源,2018-02-28,21.22,22.24,5493600000,非金属矿采选业,2018-02,2018
603505.SH,金石资源,2018-03-01,22.53,23.98,5923200000,非金属矿采选业,2018-03,2018
603505.SH,金石资源,2018-03-02,23.32,23.38,5774400000,非金属矿采选业,2018-03,2018
603505.SH,金石资源,2018-03-05,23.66,23.47,5798400000,非金属矿采选业,2018-03,2018
603505.SH,金石资源,2018-03-06,23.61,23.15,5719200000,非金属矿采选业,2018-03,2018
603505.SH,金石资源,2018-03-07,22.97,22.9,5656800000,非金属矿采选业,2018-03,2018
603505.SH,金石资源,2018-03-08,22.91,23.02,5685600000,非金属矿采选业,2018-03,2018
603505.SH,金石资源,2018-03-09,23.09,23.03,5688000000,非金属矿采选业,2018-03,2018
603505.SH,金石资源,2018-03-12,22.93,24.07,5944800000,非金属矿采选业,2018-03,2018
603505.SH,金石资源,2018-03-13,23.9,23.44,5791200000,非金属矿采选业,2018-03,2018
603505.SH,金石资源,2018-03-14,23.43,23.03,5688000000,非金属矿采选业,2018-03,2018
603505.SH,金石资源,2018-03-15,22.56,22.52,5563200000,非金属矿采选业,2018-03,2018
603505.SH,金石资源,2018-03-16,22.4,22.24,5493600000,非金属矿采选业,2018-03,2018
603505.SH,金石资源,2018-03-19,22.08,22.44,5544000000,非金属矿采选业,2018-03,2018
603505.SH,金石资源,2018-03-20,22.15,22.08,5455200000,非金属矿采选业,2018-03,2018
603505.SH,金石资源,2018-03-21,22.19,22.94,5666400000,非金属矿采选业,2018-03,2018
603505.SH,金石资源,2018-03-22,22.82,22.43,5541600000,非金属矿采选业,2018-03,2018
603505.SH,金石资源,2018-03-23,21.38,20.19,4987200000,非金属矿采选业,2018-03,2018
603505.SH,金石资源,2018-03-26,19.43,20.32,5018400000,非金属矿采选业,2018-03,2018
603505.SH,金石资源,2018-03-27,20.4,20.92,5167200000,非金属矿采选业,2018-03,2018
603505.SH,金石资源,2018-03-28,20.5,20.17,4982400000,非金属矿采选业,2018-03,2018
603505.SH,金石资源,2018-03-29,20.13,20.56,5078400000,非金属矿采选业,2018-03,2018
603505.SH,金石资源,2018-03-30,20.74,20.67,5104800000,非金属矿采选业,2018-03,2018
603505.SH,金石资源,2018-04-02,20.74,20.88,5157600000,非金属矿采选业,2018-04,2018
603505.SH,金石资源,2018-04-03,20.21,20.23,4996800000,非金属矿采选业,2018-04,2018
603505.SH,金石资源,2018-04-04,20.36,20.44,5049600000,非金属矿采选业,2018-04,2018
603505.SH,金石资源,2018-04-09,20.4,20.91,5164800000,非金属矿采选业,2018-04,2018
603505.SH,金石资源,2018-04-10,20.72,21.7,5359200000,非金属矿采选业,2018-04,2018
603505.SH,金石资源,2018-04-11,21.67,21.56,5325600000,非金属矿采选业,2018-04,2018
603505.SH,金石资源,2018-04-12,21.67,20.94,5172000000,非金属矿采选业,2018-04,2018
603505.SH,金石资源,2018-04-13,21.09,21.38,5280000000,非金属矿采选业,2018-04,2018
603505.SH,金石资源,2018-04-16,21.2,20.55,5076000000,非金属矿采选业,2018-04,2018
603505.SH,金石资源,2018-04-17,20.65,19.88,4910400000,非金属矿采选业,2018-04,2018
603505.SH,金石资源,2018-04-18,20.01,20.11,4968000000,非金属矿采选业,2018-04,2018
603505.SH,金石资源,2018-04-19,20.14,20.27,5006400000,非金属矿采选业,2018-04,2018
603505.SH,金石资源,2018-04-20,20.01,19.19,4740000000,非金属矿采选业,2018-04,2018
603505.SH,金石资源,2018-04-23,18.61,18.76,4634400000,非金属矿采选业,2018-04,2018
603505.SH,金石资源,2018-04-24,18.94,19.21,4744800000,非金属矿采选业,2018-04,2018
603505.SH,金石资源,2018-04-25,19.14,19.46,4807200000,非金属矿采选业,2018-04,2018
603505.SH,金石资源,2018-04-26,19.3,18.39,4543200000,非金属矿采选业,2018-04,2018
603505.SH,金石资源,2018-04-27,18.46,18.08,4466400000,非金属矿采选业,2018-04,2018
603505.SH,金石资源,2018-05-02,18.18,18.35,4533600000,非金属矿采选业,2018-05,2018
603505.SH,金石资源,2018-05-03,17.49,18.23,4502400000,非金属矿采选业,2018-05,2018
603505.SH,金石资源,2018-05-04,18.16,17.79,4394400000,非金属矿采选业,2018-05,2018
603505.SH,金石资源,2018-05-07,17.63,17.84,4406400000,非金属矿采选业,2018-05,2018
603505.SH,金石资源,2018-05-08,17.88,17.79,4394400000,非金属矿采选业,2018-05,2018
603505.SH,金石资源,2018-05-09,17.7,17.63,4356000000,非金属矿采选业,2018-05,2018
603505.SH,金石资源,2018-05-10,17.7,17.97,4437600000,非金属矿采选业,2018-05,2018
603505.SH,金石资源,2018-05-11,18.11,18.51,4572000000,非金属矿采选业,2018-05,2018
603505.SH,金石资源,2018-05-14,18.46,18.36,4536000000,非金属矿采选业,2018-05,2018
603505.SH,金石资源,2018-05-15,18.36,18.25,4507200000,非金属矿采选业,2018-05,2018
603505.SH,金石资源,2018-05-16,18.09,17.95,4432800000,非金属矿采选业,2018-05,2018
603505.SH,金石资源,2018-05-17,17.8,18.04,4456800000,非金属矿采选业,2018-05,2018
603505.SH,金石资源,2018-05-18,17.84,18.21,4497600000,非金属矿采选业,2018-05,2018
603505.SH,金石资源,2018-05-21,18.17,19.38,4788000000,非金属矿采选业,2018-05,2018
603505.SH,金石资源,2018-05-22,18.97,19.03,4701600000,非金属矿采选业,2018-05,2018
603505.SH,金石资源,2018-05-23,18.92,18.62,4598400000,非金属矿采选业,2018-05,2018
603505.SH,金石资源,2018-05-24,18.51,18.54,4579200000,非金属矿采选业,2018-05,2018
603505.SH,金石资源,2018-05-25,18.55,18.65,4608000000,非金属矿采选业,2018-05,2018
603505.SH,金石资源,2018-05-28,18.6,17.95,4432800000,非金属矿采选业,2018-05,2018
603505.SH,金石资源,2018-05-29,17.97,17.76,4387200000,非金属矿采选业,2018-05,2018
603505.SH,金石资源,2018-05-30,17.29,16.56,4089600000,非金属矿采选业,2018-05,2018
603505.SH,金石资源,2018-05-31,16.64,16.73,4132800000,非金属矿采选业,2018-05,2018
603505.SH,金石资源,2018-06-01,16.7,16.9,4173600000,非金属矿采选业,2018-06,2018
603505.SH,金石资源,2018-06-04,16.86,16.81,4152000000,非金属矿采选业,2018-06,2018
603505.SH,金石资源,2018-06-05,16.86,17.16,4238400000,非金属矿采选业,2018-06,2018
603505.SH,金石资源,2018-06-06,17.2,17.17,4240800000,非金属矿采选业,2018-06,2018
603505.SH,金石资源,2018-06-07,17.24,17.44,4308000000,非金属矿采选业,2018-06,2018
603505.SH,金石资源,2018-06-08,17.2,16.72,4130400000,非金属矿采选业,2018-06,2018
603505.SH,金石资源,2018-06-11,16.6,16.52,4080000000,非金属矿采选业,2018-06,2018
603505.SH,金石资源,2018-06-12,16.53,16.43,4058400000,非金属矿采选业,2018-06,2018
603505.SH,金石资源,2018-06-13,16.43,16.19,3998400000,非金属矿采选业,2018-06,2018
603505.SH,金石资源,2018-06-14,16.19,16.17,3993600000,非金属矿采选业,2018-06,2018
603505.SH,金石资源,2018-06-15,16.17,15.67,3871200000,非金属矿采选业,2018-06,2018
603505.SH,金石资源,2018-06-19,15.35,14.11,3484800000,非金属矿采选业,2018-06,2018
603505.SH,金石资源,2018-06-20,13.68,14.1,3482400000,非金属矿采选业,2018-06,2018
603505.SH,金石资源,2018-06-21,14.19,13.64,3369600000,非金属矿采选业,2018-06,2018
603505.SH,金石资源,2018-06-22,13.6,13.74,3393600000,非金属矿采选业,2018-06,2018
603505.SH,金石资源,2018-06-25,14.57,15.11,3732000000,非金属矿采选业,2018-06,2018
603505.SH,金石资源,2018-06-26,14.91,14.92,3686400000,非金属矿采选业,2018-06,2018
603505.SH,金石资源,2018-06-27,14.72,14.72,3636000000,非金属矿采选业,2018-06,2018
603505.SH,金石资源,2018-06-28,14.67,14.88,3674400000,非金属矿采选业,2018-06,2018
603505.SH,金石资源,2018-06-29,14.7,15.28,3775200000,非金属矿采选业,2018-06,2018
603505.SH,金石资源,2018-07-02,15.17,14.68,3626400000,非金属矿采选业,2018-07,2018
603505.SH,金石资源,2018-07-03,14.68,15.31,3782400000,非金属矿采选业,2018-07,2018
603505.SH,金石资源,2018-07-04,15.35,14.78,3650400000,非金属矿采选业,2018-07,2018
603505.SH,金石资源,2018-07-05,14.66,14.22,3513600000,非金属矿采选业,2018-07,2018
603505.SH,金石资源,2018-07-06,14.33,14.51,3583200000,非金属矿采选业,2018-07,2018
603505.SH,金石资源,2018-07-09,14.7,15.37,3796800000,非金属矿采选业,2018-07,2018
603505.SH,金石资源,2018-07-10,15.22,15.59,3852000000,非金属矿采选业,2018-07,2018
603505.SH,金石资源,2018-07-11,15.24,15.78,3897600000,非金属矿采选业,2018-07,2018
603505.SH,金石资源,2018-07-12,15.66,16.18,3996000000,非金属矿采选业,2018-07,2018
603505.SH,金石资源,2018-07-13,16.12,15.92,3933600000,非金属矿采选业,2018-07,2018
603505.SH,金石资源,2018-07-16,16.16,16.03,3960000000,非金属矿采选业,2018-07,2018
603505.SH,金石资源,2018-07-17,16.02,15.86,3916800000,非金属矿采选业,2018-07,2018
603505.SH,金石资源,2018-07-18,16.0,15.65,3866400000,非金属矿采选业,2018-07,2018
603505.SH,金石资源,2018-07-19,15.56,15.5,3828000000,非金属矿采选业,2018-07,2018
603505.SH,金石资源,2018-07-20,15.42,15.69,3876000000,非金属矿采选业,2018-07,2018
603505.SH,金石资源,2018-07-23,15.58,15.67,3871200000,非金属矿采选业,2018-07,2018
603505.SH,金石资源,2018-07-24,15.58,15.83,3909600000,非金属矿采选业,2018-07,2018
603505.SH,金石资源,2018-07-25,15.78,15.59,3852000000,非金属矿采选业,2018-07,2018
603505.SH,金石资源,2018-07-26,15.52,15.34,3789600000,非金属矿采选业,2018-07,2018
603505.SH,金石资源,2018-07-27,15.24,14.85,3667200000,非金属矿采选业,2018-07,2018
603505.SH,金石资源,2018-07-30,14.89,14.85,3667200000,非金属矿采选业,2018-07,2018
603505.SH,金石资源,2018-07-31,14.93,14.5,3559200000,非金属矿采选业,2018-07,2018
603505.SH,金石资源,2018-08-01,14.53,14.39,3530400000,非金属矿采选业,2018-08,2018
603505.SH,金石资源,2018-08-02,14.47,14.24,3494400000,非金属矿采选业,2018-08,2018
603505.SH,金石资源,2018-08-03,14.22,14.0,3434400000,非金属矿采选业,2018-08,2018
603505.SH,金石资源,2018-08-06,13.97,13.39,3285600000,非金属矿采选业,2018-08,2018
603505.SH,金石资源,2018-08-07,13.39,14.02,3441600000,非金属矿采选业,2018-08,2018
603505.SH,金石资源,2018-08-08,13.89,13.88,3405600000,非金属矿采选业,2018-08,2018
603505.SH,金石资源,2018-08-09,13.77,14.37,3525600000,非金属矿采选业,2018-08,2018
603505.SH,金石资源,2018-08-10,13.97,14.03,3444000000,非金属矿采选业,2018-08,2018
603505.SH,金石资源,2018-08-13,13.87,13.78,3381600000,非金属矿采选业,2018-08,2018
603505.SH,金石资源,2018-08-14,13.78,14.01,3436800000,非金属矿采选业,2018-08,2018
603505.SH,金石资源,2018-08-15,13.84,13.49,3309600000,非金属矿采选业,2018-08,2018
603505.SH,金石资源,2018-08-16,13.18,13.0,3189600000,非金属矿采选业,2018-08,2018
603505.SH,金石资源,2018-08-17,13.12,12.72,3122400000,非金属矿采选业,2018-08,2018
603505.SH,金石资源,2018-08-20,12.79,12.6,3091200000,非金属矿采选业,2018-08,2018
603505.SH,金石资源,2018-08-21,12.67,12.66,3105600000,非金属矿采选业,2018-08,2018
603505.SH,金石资源,2018-08-22,12.71,12.4,3043200000,非金属矿采选业,2018-08,2018
603505.SH,金石资源,2018-08-23,12.4,12.54,3076800000,非金属矿采选业,2018-08,2018
603505.SH,金石资源,2018-08-24,12.64,12.49,3064800000,非金属矿采选业,2018-08,2018
603505.SH,金石资源,2018-08-27,12.53,12.75,3129600000,非金属矿采选业,2018-08,2018
603505.SH,金石资源,2018-08-28,12.71,12.77,3134400000,非金属矿采选业,2018-08,2018
603505.SH,金石资源,2018-08-29,12.75,12.53,3074400000,非金属矿采选业,2018-08,2018
603505.SH,金石资源,2018-08-30,12.57,12.52,3072000000,非金属矿采选业,2018-08,2018
603505.SH,金石资源,2018-08-31,12.52,12.16,2983200000,非金属矿采选业,2018-08,2018
603505.SH,金石资源,2018-09-03,12.16,12.12,2973600000,非金属矿采选业,2018-09,2018
603505.SH,金石资源,2018-09-04,12.13,12.23,3000000000,非金属矿采选业,2018-09,2018
603505.SH,金石资源,2018-09-05,12.15,11.97,2937600000,非金属矿采选业,2018-09,2018
603505.SH,金石资源,2018-09-06,12.03,11.92,2925600000,非金属矿采选业,2018-09,2018
603505.SH,金石资源,2018-09-07,12.02,11.97,2937600000,非金属矿采选业,2018-09,2018
603505.SH,金石资源,2018-09-10,11.97,11.86,2911200000,非金属矿采选业,2018-09,2018
603505.SH,金石资源,2018-09-11,11.39,11.06,2714400000,非金属矿采选业,2018-09,2018
603505.SH,金石资源,2018-09-12,10.99,11.06,2714400000,非金属矿采选业,2018-09,2018
603505.SH,金石资源,2018-09-13,11.1,11.33,2779200000,非金属矿采选业,2018-09,2018
603505.SH,金石资源,2018-09-14,11.29,11.16,2738400000,非金属矿采选业,2018-09,2018
603505.SH,金石资源,2018-09-17,11.14,10.84,2659200000,非金属矿采选业,2018-09,2018
603505.SH,金石资源,2018-09-18,10.86,10.99,2697600000,非金属矿采选业,2018-09,2018
603505.SH,金石资源,2018-09-19,11.0,11.28,2767200000,非金属矿采选业,2018-09,2018
603505.SH,金石资源,2018-09-20,11.21,11.22,2752800000,非金属矿采选业,2018-09,2018
603505.SH,金石资源,2018-09-21,11.22,11.43,2805600000,非金属矿采选业,2018-09,2018
603505.SH,金石资源,2018-09-25,11.34,11.3,2772000000,非金属矿采选业,2018-09,2018
603505.SH,金石资源,2018-09-26,11.3,11.32,2776800000,非金属矿采选业,2018-09,2018
603505.SH,金石资源,2018-09-27,11.26,11.29,2769600000,非金属矿采选业,2018-09,2018
603505.SH,金石资源,2018-09-28,11.25,11.68,2865600000,非金属矿采选业,2018-09,2018
603505.SH,金石资源,2018-10-08,11.39,12.84,3151200000,非金属矿采选业,2018-10,2018
603505.SH,金石资源,2018-10-09,12.89,13.3,3264000000,非金属矿采选业,2018-10,2018
603505.SH,金石资源,2018-10-10,12.9,13.0,3189600000,非金属矿采选业,2018-10,2018
603505.SH,金石资源,2018-10-11,12.41,12.24,3004800000,非金属矿采选业,2018-10,2018
603505.SH,金石资源,2018-10-12,12.07,12.72,3122400000,非金属矿采选业,2018-10,2018
603505.SH,金石资源,2018-10-15,12.71,12.87,3158400000,非金属矿采选业,2018-10,2018
603505.SH,金石资源,2018-10-16,12.91,13.34,3273600000,非金属矿采选业,2018-10,2018
603505.SH,金石资源,2018-10-17,13.36,13.4,3288000000,非金属矿采选业,2018-10,2018
603505.SH,金石资源,2018-10-18,13.22,13.35,3276000000,非金属矿采选业,2018-10,2018
603505.SH,金石资源,2018-10-19,12.81,13.64,3348000000,非金属矿采选业,2018-10,2018
603505.SH,金石资源,2018-10-22,13.51,14.15,3472800000,非金属矿采选业,2018-10,2018
603505.SH,金石资源,2018-10-23,13.69,13.68,3357600000,非金属矿采选业,2018-10,2018
603505.SH,金石资源,2018-10-24,13.59,13.45,3300000000,非金属矿采选业,2018-10,2018
603505.SH,金石资源,2018-10-25,12.96,13.73,3369600000,非金属矿采选业,2018-10,2018
603505.SH,金石资源,2018-10-26,13.78,13.22,3244800000,非金属矿采选业,2018-10,2018
603505.SH,金石资源,2018-10-29,13.36,13.24,3249600000,非金属矿采选业,2018-10,2018
603505.SH,金石资源,2018-10-30,13.5,13.48,3307200000,非金属矿采选业,2018-10,2018
603505.SH,金石资源,2018-10-31,13.52,14.0,3434400000,非金属矿采选业,2018-10,2018
603505.SH,金石资源,2018-11-01,14.55,13.79,3384000000,非金属矿采选业,2018-11,2018
603505.SH,金石资源,2018-11-02,13.79,13.97,3427200000,非金属矿采选业,2018-11,2018
603505.SH,金石资源,2018-11-05,13.87,14.14,3470400000,非金属矿采选业,2018-11,2018
603505.SH,金石资源,2018-11-06,14.23,15.14,3715200000,非金属矿采选业,2018-11,2018
603505.SH,金石资源,2018-11-07,15.01,15.33,3760800000,非金属矿采选业,2018-11,2018
603505.SH,金石资源,2018-11-08,15.44,14.9,3655200000,非金属矿采选业,2018-11,2018
603505.SH,金石资源,2018-11-09,15.03,15.83,3885600000,非金属矿采选业,2018-11,2018
603505.SH,金石资源,2018-11-12,15.54,15.89,3900000000,非金属矿采选业,2018-11,2018
603505.SH,金石资源,2018-11-13,15.65,15.58,3823200000,非金属矿采选业,2018-11,2018
603505.SH,金石资源,2018-11-14,15.48,15.27,3746400000,非金属矿采选业,2018-11,2018
603505.SH,金石资源,2018-11-15,15.07,15.31,3756000000,非金属矿采选业,2018-11,2018
603505.SH,金石资源,2018-11-16,15.07,15.16,3720000000,非金属矿采选业,2018-11,2018
603505.SH,金石资源,2018-11-19,15.23,15.38,3775200000,非金属矿采选业,2018-11,2018
603505.SH,金石资源,2018-11-20,15.17,14.6,3583200000,非金属矿采选业,2018-11,2018
603505.SH,金石资源,2018-11-21,14.47,14.93,3664800000,非金属矿采选业,2018-11,2018
603505.SH,金石资源,2018-11-22,15.26,15.16,3720000000,非金属矿采选业,2018-11,2018
603505.SH,金石资源,2018-11-23,15.15,14.03,3444000000,非金属矿采选业,2018-11,2018
603505.SH,金石资源,2018-11-26,13.99,13.62,3343200000,非金属矿采选业,2018-11,2018
603505.SH,金石资源,2018-11-27,13.65,13.54,3321600000,非金属矿采选业,2018-11,2018
603505.SH,金石资源,2018-11-28,13.56,13.62,3343200000,非金属矿采选业,2018-11,2018
603505.SH,金石资源,2018-11-29,13.67,13.17,3232800000,非金属矿采选业,2018-11,2018
603505.SH,金石资源,2018-11-30,13.09,13.57,3331200000,非金属矿采选业,2018-11,2018
603505.SH,金石资源,2018-12-03,13.95,13.86,3400800000,非金属矿采选业,2018-12,2018
603505.SH,金石资源,2018-12-04,13.94,14.01,3439200000,非金属矿采选业,2018-12,2018
603505.SH,金石资源,2018-12-05,13.69,13.71,3364800000,非金属矿采选业,2018-12,2018
603505.SH,金石资源,2018-12-06,13.58,13.59,3336000000,非金属矿采选业,2018-12,2018
603505.SH,金石资源,2018-12-07,13.61,13.57,3331200000,非金属矿采选业,2018-12,2018
603505.SH,金石资源,2018-12-10,13.57,13.42,3292800000,非金属矿采选业,2018-12,2018
603505.SH,金石资源,2018-12-11,13.45,13.57,3328800000,非金属矿采选业,2018-12,2018
603505.SH,金石资源,2018-12-12,13.69,13.62,3343200000,非金属矿采选业,2018-12,2018
603505.SH,金石资源,2018-12-13,13.65,13.87,3403200000,非金属矿采选业,2018-12,2018
603505.SH,金石资源,2018-12-14,13.8,13.02,3194400000,非金属矿采选业,2018-12,2018
603505.SH,金石资源,2018-12-17,13.12,13.18,3235200000,非金属矿采选业,2018-12,2018
603505.SH,金石资源,2018-12-18,13.04,13.22,3244800000,非金属矿采选业,2018-12,2018
603505.SH,金石资源,2018-12-19,13.22,13.05,3201600000,非金属矿采选业,2018-12,2018
603505.SH,金石资源,2018-12-20,13.15,13.21,3242400000,非金属矿采选业,2018-12,2018
603505.SH,金石资源,2018-12-21,13.25,13.18,3235200000,非金属矿采选业,2018-12,2018
603505.SH,金石资源,2018-12-24,13.25,12.77,3134400000,非金属矿采选业,2018-12,2018
603505.SH,金石资源,2018-12-25,12.71,12.38,3038400000,非金属矿采选业,2018-12,2018
603505.SH,金石资源,2018-12-26,12.42,12.47,3060000000,非金属矿采选业,2018-12,2018
603505.SH,金石资源,2018-12-27,12.7,12.06,2959200000,非金属矿采选业,2018-12,2018
603505.SH,金石资源,2018-12-28,12.09,12.03,2952000000,非金属矿采选业,2018-12,2018
603505.SH,金石资源,2019-01-02,12.05,12.24,3004800000,非金属矿采选业,2019-01,2019
603505.SH,金石资源,2019-01-03,12.35,12.11,2971200000,非金属矿采选业,2019-01,2019
603505.SH,金石资源,2019-01-04,11.89,12.37,3036000000,非金属矿采选业,2019-01,2019
603505.SH,金石资源,2019-01-07,12.41,12.6,3091200000,非金属矿采选业,2019-01,2019
603505.SH,金石资源,2019-01-08,12.52,12.43,3050400000,非金属矿采选业,2019-01,2019
603505.SH,金石资源,2019-01-09,12.49,12.5,3067200000,非金属矿采选业,2019-01,2019
603505.SH,金石资源,2019-01-10,12.43,12.21,2995200000,非金属矿采选业,2019-01,2019
603505.SH,金石资源,2019-01-11,12.23,12.38,3038400000,非金属矿采选业,2019-01,2019
603505.SH,金石资源,2019-01-14,12.38,12.39,3040800000,非金属矿采选业,2019-01,2019
603505.SH,金石资源,2019-01-15,12.32,12.43,3050400000,非金属矿采选业,2019-01,2019
603505.SH,金石资源,2019-01-16,12.43,12.58,3086400000,非金属矿采选业,2019-01,2019
603505.SH,金石资源,2019-01-17,12.62,13.01,3192000000,非金属矿采选业,2019-01,2019
603505.SH,金石资源,2019-01-18,12.94,13.32,3268800000,非金属矿采选业,2019-01,2019
603505.SH,金石资源,2019-01-21,13.3,13.36,3278400000,非金属矿采选业,2019-01,2019
603505.SH,金石资源,2019-01-22,13.97,13.56,3326400000,非金属矿采选业,2019-01,2019
603505.SH,金石资源,2019-01-23,13.49,13.47,3304800000,非金属矿采选业,2019-01,2019
603505.SH,金石资源,2019-01-24,13.42,13.46,3302400000,非金属矿采选业,2019-01,2019
603505.SH,金石资源,2019-01-25,13.32,13.11,3216000000,非金属矿采选业,2019-01,2019
603505.SH,金石资源,2019-01-28,13.46,13.57,3328800000,非金属矿采选业,2019-01,2019
603505.SH,金石资源,2019-01-29,13.4,13.39,3285600000,非金属矿采选业,2019-01,2019
603505.SH,金石资源,2019-01-30,13.37,13.96,3424800000,非金属矿采选业,2019-01,2019
603505.SH,金石资源,2019-01-31,13.83,14.1,3460800000,非金属矿采选业,2019-01,2019
603505.SH,金石资源,2019-02-01,14.14,14.04,3446400000,非金属矿采选业,2019-02,2019
603505.SH,金石资源,2019-02-11,14.2,14.38,3528000000,非金属矿采选业,2019-02,2019
603505.SH,金石资源,2019-02-12,14.29,14.66,3597600000,非金属矿采选业,2019-02,2019
603505.SH,金石资源,2019-02-13,14.52,14.58,3578400000,非金属矿采选业,2019-02,2019
603505.SH,金石资源,2019-02-14,14.58,14.57,3576000000,非金属矿采选业,2019-02,2019
603505.SH,金石资源,2019-02-15,14.45,14.43,3540000000,非金属矿采选业,2019-02,2019
603505.SH,金石资源,2019-02-18,14.55,14.59,3580800000,非金属矿采选业,2019-02,2019
603505.SH,金石资源,2019-02-19,14.53,14.47,3552000000,非金属矿采选业,2019-02,2019
603505.SH,金石资源,2019-02-20,14.47,15.0,3681600000,非金属矿采选业,2019-02,2019
603505.SH,金石资源,2019-02-21,15.0,14.25,3496800000,非金属矿采选业,2019-02,2019
603505.SH,金石资源,2019-02-22,14.27,14.31,3511200000,非金属矿采选业,2019-02,2019
603505.SH,金石资源,2019-02-25,14.38,14.97,3674400000,非金属矿采选业,2019-02,2019
603505.SH,金石资源,2019-02-26,14.94,15.06,3696000000,非金属矿采选业,2019-02,2019
603505.SH,金石资源,2019-02-27,15.28,15.85,3890400000,非金属矿采选业,2019-02,2019
603505.SH,金石资源,2019-02-28,15.65,15.64,3837600000,非金属矿采选业,2019-02,2019
603505.SH,金石资源,2019-03-01,15.76,16.64,4082400000,非金属矿采选业,2019-03,2019
603505.SH,金石资源,2019-03-04,16.61,16.64,4082400000,非金属矿采选业,2019-03,2019
603505.SH,金石资源,2019-03-05,16.62,16.68,4094400000,非金属矿采选业,2019-03,2019
603505.SH,金石资源,2019-03-06,16.68,16.64,4082400000,非金属矿采选业,2019-03,2019
603505.SH,金石资源,2019-03-07,16.62,16.55,4060800000,非金属矿采选业,2019-03,2019
603505.SH,金石资源,2019-03-08,16.31,15.75,3864000000,非金属矿采选业,2019-03,2019
603505.SH,金石资源,2019-03-11,15.76,16.24,3986400000,非金属矿采选业,2019-03,2019
603505.SH,金石资源,2019-03-12,16.29,16.51,4051200000,非金属矿采选业,2019-03,2019
603505.SH,金石资源,2019-03-13,16.51,16.4,4024800000,非金属矿采选业,2019-03,2019
603505.SH,金石资源,2019-03-14,16.23,16.21,3976800000,非金属矿采选业,2019-03,2019
603505.SH,金石资源,2019-03-15,16.33,16.84,4132800000,非金属矿采选业,2019-03,2019
603505.SH,金石资源,2019-03-18,17.06,17.19,4219200000,非金属矿采选业,2019-03,2019
603505.SH,金石资源,2019-03-19,17.22,17.01,4173600000,非金属矿采选业,2019-03,2019
603505.SH,金石资源,2019-03-20,17.07,16.77,4116000000,非金属矿采选业,2019-03,2019
603505.SH,金石资源,2019-03-21,16.64,16.99,4168800000,非金属矿采选业,2019-03,2019
603505.SH,金石资源,2019-03-22,16.97,16.92,4152000000,非金属矿采选业,2019-03,2019
603505.SH,金石资源,2019-03-25,16.64,17.49,4291200000,非金属矿采选业,2019-03,2019
603505.SH,金石资源,2019-03-26,17.58,16.72,4104000000,非金属矿采选业,2019-03,2019
603505.SH,金石资源,2019-03-27,16.8,16.59,4070400000,非金属矿采选业,2019-03,2019
603505.SH,金石资源,2019-03-28,16.45,16.23,3981600000,非金属矿采选业,2019-03,2019
603505.SH,金石资源,2019-03-29,16.43,16.65,4084800000,非金属矿采选业,2019-03,2019
603505.SH,金石资源,2019-04-01,16.69,17.57,4312800000,非金属矿采选业,2019-04,2019
603505.SH,金石资源,2019-04-02,17.7,17.9,4392000000,非金属矿采选业,2019-04,2019
603505.SH,金石资源,2019-04-03,17.6,17.55,4305600000,非金属矿采选业,2019-04,2019
603505.SH,金石资源,2019-04-04,17.56,18.52,4545600000,非金属矿采选业,2019-04,2019
603505.SH,金石资源,2019-04-08,19.17,18.28,4485600000,非金属矿采选业,2019-04,2019
603505.SH,金石资源,2019-04-09,18.34,17.9,4392000000,非金属矿采选业,2019-04,2019
603505.SH,金石资源,2019-04-10,17.87,17.8,4368000000,非金属矿采选业,2019-04,2019
603505.SH,金石资源,2019-04-11,17.8,17.85,4380000000,非金属矿采选业,2019-04,2019
603505.SH,金石资源,2019-04-12,17.86,17.49,4291200000,非金属矿采选业,2019-04,2019
603505.SH,金石资源,2019-04-15,17.75,17.36,4260000000,非金属矿采选业,2019-04,2019
603505.SH,金石资源,2019-04-16,17.41,17.85,4380000000,非金属矿采选业,2019-04,2019
603505.SH,金石资源,2019-04-17,17.73,18.17,4459200000,非金属矿采选业,2019-04,2019
603505.SH,金石资源,2019-04-18,17.85,18.56,4555200000,非金属矿采选业,2019-04,2019
603505.SH,金石资源,2019-04-19,18.36,19.77,4850400000,非金属矿采选业,2019-04,2019
603505.SH,金石资源,2019-04-22,19.9,19.59,4807200000,非金属矿采选业,2019-04,2019
603505.SH,金石资源,2019-04-23,19.75,19.23,4718400000,非金属矿采选业,2019-04,2019
603505.SH,金石资源,2019-04-24,19.19,19.74,4843200000,非金属矿采选业,2019-04,2019
603505.SH,金石资源,2019-04-25,19.84,19.97,4900800000,非金属矿采选业,2019-04,2019
603505.SH,金石资源,2019-04-26,20.0,18.99,4660800000,非金属矿采选业,2019-04,2019
603505.SH,金石资源,2019-04-29,19.34,18.79,4610400000,非金属矿采选业,2019-04,2019
603505.SH,金石资源,2019-04-30,18.9,19.61,4812000000,非金属矿采选业,2019-04,2019
603505.SH,金石资源,2019-05-06,18.91,17.65,4332000000,非金属矿采选业,2019-05,2019
603505.SH,金石资源,2019-05-07,17.65,17.43,4276800000,非金属矿采选业,2019-05,2019
603505.SH,金石资源,2019-05-08,16.97,16.96,4161600000,非金属矿采选业,2019-05,2019
603505.SH,金石资源,2019-05-09,16.81,16.54,4058400000,非金属矿采选业,2019-05,2019
603505.SH,金石资源,2019-05-10,16.68,17.26,4236000000,非金属矿采选业,2019-05,2019
603505.SH,金石资源,2019-05-13,16.64,16.73,4106400000,非金属矿采选业,2019-05,2019
603505.SH,金石资源,2019-05-14,16.58,16.63,4080000000,非金属矿采选业,2019-05,2019
603505.SH,金石资源,2019-05-15,16.8,17.13,4204800000,非金属矿采选业,2019-05,2019
603505.SH,金石资源,2019-05-16,17.08,17.79,4365600000,非金属矿采选业,2019-05,2019
603505.SH,金石资源,2019-05-17,17.8,16.1,3950400000,非金属矿采选业,2019-05,2019
603505.SH,金石资源,2019-05-20,16.03,16.29,3998400000,非金属矿采选业,2019-05,2019
603505.SH,金石资源,2019-05-21,16.34,16.87,4140000000,非金属矿采选业,2019-05,2019
603505.SH,金石资源,2019-05-22,16.98,16.92,4152000000,非金属矿采选业,2019-05,2019
603505.SH,金石资源,2019-05-23,16.82,16.74,4108800000,非金属矿采选业,2019-05,2019
603505.SH,金石资源,2019-05-24,16.53,16.61,4075200000,非金属矿采选业,2019-05,2019
603505.SH,金石资源,2019-05-27,16.58,17.12,4202400000,非金属矿采选业,2019-05,2019
603505.SH,金石资源,2019-05-28,17.12,17.02,4176000000,非金属矿采选业,2019-05,2019
603505.SH,金石资源,2019-05-29,17.18,18.26,4480800000,非金属矿采选业,2019-05,2019
603505.SH,金石资源,2019-05-30,18.17,18.63,4572000000,非金属矿采选业,2019-05,2019
603505.SH,金石资源,2019-05-31,18.38,18.62,4569600000,非金属矿采选业,2019-05,2019
603505.SH,金石资源,2019-06-03,18.69,18.19,4464000000,非金属矿采选业,2019-06,2019
603505.SH,金石资源,2019-06-04,18.31,17.83,4375200000,非金属矿采选业,2019-06,2019
603505.SH,金石资源,2019-06-05,18.18,17.96,4406400000,非金属矿采选业,2019-06,2019
603505.SH,金石资源,2019-06-06,17.95,17.94,4401600000,非金属矿采选业,2019-06,2019
603505.SH,金石资源,2019-06-10,17.98,18.04,4428000000,非金属矿采选业,2019-06,2019
603505.SH,金石资源,2019-06-11,18.07,19.16,4701600000,非金属矿采选业,2019-06,2019
603505.SH,金石资源,2019-06-12,18.97,19.63,4816800000,非金属矿采选业,2019-06,2019
603505.SH,金石资源,2019-06-13,19.55,19.55,4797600000,非金属矿采选业,2019-06,2019
603505.SH,金石资源,2019-06-14,19.48,19.18,4706400000,非金属矿采选业,2019-06,2019
603505.SH,金石资源,2019-06-17,19.18,19.2,4711200000,非金属矿采选业,2019-06,2019
603505.SH,金石资源,2019-06-18,19.2,18.68,4584000000,非金属矿采选业,2019-06,2019
603505.SH,金石资源,2019-06-19,19.15,18.76,4560000000,非金属矿采选业,2019-06,2019
603505.SH,金石资源,2019-06-20,18.91,19.38,4711200000,非金属矿采选业,2019-06,2019
603505.SH,金石资源,2019-06-21,19.42,19.35,4704000000,非金属矿采选业,2019-06,2019
603505.SH,金石资源,2019-06-24,19.15,19.09,4641600000,非金属矿采选业,2019-06,2019
603505.SH,金石资源,2019-06-25,18.85,17.9,4351200000,非金属矿采选业,2019-06,2019
603505.SH,金石资源,2019-06-26,17.77,18.2,4423200000,非金属矿采选业,2019-06,2019
603505.SH,金石资源,2019-06-27,18.34,18.35,4461600000,非金属矿采选业,2019-06,2019
603505.SH,金石资源,2019-06-28,18.26,18.49,4495200000,非金属矿采选业,2019-06,2019
603505.SH,金石资源,2019-07-01,18.75,18.89,4591200000,非金属矿采选业,2019-07,2019
603505.SH,金石资源,2019-07-02,18.83,18.9,4593600000,非金属矿采选业,2019-07,2019
603505.SH,金石资源,2019-07-03,18.94,18.58,4516800000,非金属矿采选业,2019-07,2019
603505.SH,金石资源,2019-07-04,18.8,19.67,4780800000,非金属矿采选业,2019-07,2019
603505.SH,金石资源,2019-07-05,19.55,19.1,4644000000,非金属矿采选业,2019-07,2019
603505.SH,金石资源,2019-07-08,19.1,19.11,4646400000,非金属矿采选业,2019-07,2019
603505.SH,金石资源,2019-07-09,18.81,19.93,4845600000,非金属矿采选业,2019-07,2019
603505.SH,金石资源,2019-07-10,19.75,19.81,4814400000,非金属矿采选业,2019-07,2019
603505.SH,金石资源,2019-07-11,19.77,19.82,4816800000,非金属矿采选业,2019-07,2019
603505.SH,金石资源,2019-07-12,19.99,20.93,5088000000,非金属矿采选业,2019-07,2019
603505.SH,金石资源,2019-07-15,21.06,21.99,5344800000,非金属矿采选业,2019-07,2019
603505.SH,金石资源,2019-07-16,21.64,21.4,5203200000,非金属矿采选业,2019-07,2019
603505.SH,金石资源,2019-07-17,21.49,21.57,5244000000,非金属矿采选业,2019-07,2019
603505.SH,金石资源,2019-07-18,21.35,20.7,5032800000,非金属矿采选业,2019-07,2019
603505.SH,金石资源,2019-07-19,20.87,20.46,4972800000,非金属矿采选业,2019-07,2019
603505.SH,金石资源,2019-07-22,20.73,20.13,4893600000,非金属矿采选业,2019-07,2019
603505.SH,金石资源,2019-07-23,20.21,20.24,4920000000,非金属矿采选业,2019-07,2019
603505.SH,金石资源,2019-07-24,20.24,20.53,4989600000,非金属矿采选业,2019-07,2019
603505.SH,金石资源,2019-07-25,20.34,20.67,5025600000,非金属矿采选业,2019-07,2019
603505.SH,金石资源,2019-07-26,20.46,20.27,4927200000,非金属矿采选业,2019-07,2019
603505.SH,金石资源,2019-07-29,20.23,21.15,5140800000,非金属矿采选业,2019-07,2019
603505.SH,金石资源,2019-07-30,21.03,21.18,5148000000,非金属矿采选业,2019-07,2019
603505.SH,金石资源,2019-07-31,21.03,20.71,5035200000,非金属矿采选业,2019-07,2019
603505.SH,金石资源,2019-08-01,20.53,20.15,4898400000,非金属矿采选业,2019-08,2019
603505.SH,金石资源,2019-08-02,19.65,19.75,4800000000,非金属矿采选业,2019-08,2019
603505.SH,金石资源,2019-08-05,19.73,19.21,4670400000,非金属矿采选业,2019-08,2019
603505.SH,金石资源,2019-08-06,18.56,18.89,4591200000,非金属矿采选业,2019-08,2019
603505.SH,金石资源,2019-08-07,19.04,19.69,4785600000,非金属矿采选业,2019-08,2019
603505.SH,金石资源,2019-08-08,19.81,19.77,4804800000,非金属矿采选业,2019-08,2019
603505.SH,金石资源,2019-08-09,20.69,20.11,4888800000,非金属矿采选业,2019-08,2019
603505.SH,金石资源,2019-08-12,20.02,20.14,4896000000,非金属矿采选业,2019-08,2019
603505.SH,金石资源,2019-08-13,19.93,20.22,4915200000,非金属矿采选业,2019-08,2019
603505.SH,金石资源,2019-08-14,20.39,20.58,5001600000,非金属矿采选业,2019-08,2019
603505.SH,金石资源,2019-08-15,19.96,20.55,4994400000,非金属矿采选业,2019-08,2019
603505.SH,金石资源,2019-08-16,20.52,20.6,5006400000,非金属矿采选业,2019-08,2019
603505.SH,金石资源,2019-08-19,20.63,21.4,5203200000,非金属矿采选业,2019-08,2019
603505.SH,金石资源,2019-08-20,21.11,21.0,5104800000,非金属矿采选业,2019-08,2019
603505.SH,金石资源,2019-08-21,20.85,20.99,5102400000,非金属矿采选业,2019-08,2019
603505.SH,金石资源,2019-08-22,20.98,20.63,5013600000,非金属矿采选业,2019-08,2019
603505.SH,金石资源,2019-08-23,20.62,20.1,4886400000,非金属矿采选业,2019-08,2019
603505.SH,金石资源,2019-08-26,19.63,19.94,4848000000,非金属矿采选业,2019-08,2019
603505.SH,金石资源,2019-08-27,20.27,20.05,4874400000,非金属矿采选业,2019-08,2019
603505.SH,金石资源,2019-08-28,19.99,19.67,4780800000,非金属矿采选业,2019-08,2019
603505.SH,金石资源,2019-08-29,19.58,19.8,4812000000,非金属矿采选业,2019-08,2019
603505.SH,金石资源,2019-08-30,19.94,19.2,4668000000,非金属矿采选业,2019-08,2019
603505.SH,金石资源,2019-09-02,19.25,19.64,4773600000,非金属矿采选业,2019-09,2019
603505.SH,金石资源,2019-09-03,19.59,19.23,4675200000,非金属矿采选业,2019-09,2019
603505.SH,金石资源,2019-09-04,19.15,19.77,4804800000,非金属矿采选业,2019-09,2019
603505.SH,金石资源,2019-09-05,19.9,19.89,4836000000,非金属矿采选业,2019-09,2019
603505.SH,金石资源,2019-09-06,19.92,19.98,4857600000,非金属矿采选业,2019-09,2019
603505.SH,金石资源,2019-09-09,20.24,20.46,4972800000,非金属矿采选业,2019-09,2019
603505.SH,金石资源,2019-09-10,20.42,20.44,4968000000,非金属矿采选业,2019-09,2019
603505.SH,金石资源,2019-09-11,20.54,20.59,5004000000,非金属矿采选业,2019-09,2019
603505.SH,金石资源,2019-09-12,20.59,20.35,4946400000,非金属矿采选业,2019-09,2019
603505.SH,金石资源,2019-09-16,20.54,20.44,4968000000,非金属矿采选业,2019-09,2019
603505.SH,金石资源,2019-09-17,20.26,20.8,5056800000,非金属矿采选业,2019-09,2019
603505.SH,金石资源,2019-09-18,20.86,19.84,4821600000,非金属矿采选业,2019-09,2019
603505.SH,金石资源,2019-09-19,19.66,21.82,5304000000,非金属矿采选业,2019-09,2019
603505.SH,金石资源,2019-09-20,21.72,22.08,5366400000,非金属矿采选业,2019-09,2019
603505.SH,金石资源,2019-09-23,22.08,21.92,5328000000,非金属矿采选业,2019-09,2019
603505.SH,金石资源,2019-09-24,22.07,21.42,5208000000,非金属矿采选业,2019-09,2019
603505.SH,金石资源,2019-09-25,21.33,20.93,5088000000,非金属矿采选业,2019-09,2019
603505.SH,金石资源,2019-09-26,21.07,20.25,4922400000,非金属矿采选业,2019-09,2019
603505.SH,金石资源,2019-09-27,20.37,20.26,4924800000,非金属矿采选业,2019-09,2019
603505.SH,金石资源,2019-09-30,20.24,19.87,4831200000,非金属矿采选业,2019-09,2019
603505.SH,金石资源,2019-10-08,20.04,19.63,4771200000,非金属矿采选业,2019-10,2019
603505.SH,金石资源,2019-10-09,19.66,19.86,4828800000,非金属矿采选业,2019-10,2019
603505.SH,金石资源,2019-10-10,19.85,19.92,4843200000,非金属矿采选业,2019-10,2019
603505.SH,金石资源,2019-10-11,19.92,19.73,4795200000,非金属矿采选业,2019-10,2019
603505.SH,金石资源,2019-10-14,19.93,20.06,4876800000,非金属矿采选业,2019-10,2019
603505.SH,金石资源,2019-10-15,20.04,19.54,4749600000,非金属矿采选业,2019-10,2019
603505.SH,金石资源,2019-10-16,19.56,18.86,4584000000,非金属矿采选业,2019-10,2019
603505.SH,金石资源,2019-10-17,18.84,18.62,4526400000,非金属矿采选业,2019-10,2019
603505.SH,金石资源,2019-10-18,18.65,18.26,4437600000,非金属矿采选业,2019-10,2019
603505.SH,金石资源,2019-10-21,18.27,18.21,4425600000,非金属矿采选业,2019-10,2019
603505.SH,金石资源,2019-10-22,18.12,18.61,4524000000,非金属矿采选业,2019-10,2019
603505.SH,金石资源,2019-10-23,18.58,18.65,4533600000,非金属矿采选业,2019-10,2019
603505.SH,金石资源,2019-10-24,18.65,18.71,4548000000,非金属矿采选业,2019-10,2019
603505.SH,金石资源,2019-10-25,18.67,18.97,4610400000,非金属矿采选业,2019-10,2019
603505.SH,金石资源,2019-10-28,18.62,19.08,4639200000,非金属矿采选业,2019-10,2019
603505.SH,金石资源,2019-10-29,19.11,18.91,4596000000,非金属矿采选业,2019-10,2019
603505.SH,金石资源,2019-10-30,18.91,18.8,4569600000,非金属矿采选业,2019-10,2019
603505.SH,金石资源,2019-10-31,19.01,18.64,4531200000,非金属矿采选业,2019-10,2019
603505.SH,金石资源,2019-11-01,18.46,18.71,4548000000,非金属矿采选业,2019-11,2019
603505.SH,金石资源,2019-11-04,18.66,18.81,4572000000,非金属矿采选业,2019-11,2019
603505.SH,金石资源,2019-11-05,18.93,18.56,4512000000,非金属矿采选业,2019-11,2019
603505.SH,金石资源,2019-11-06,18.44,18.37,4466400000,非金属矿采选业,2019-11,2019
603505.SH,金石资源,2019-11-07,18.29,18.31,4452000000,非金属矿采选业,2019-11,2019
603505.SH,金石资源,2019-11-08,18.42,18.29,4447200000,非金属矿采选业,2019-11,2019
603505.SH,金石资源,2019-11-11,18.27,17.48,4248000000,非金属矿采选业,2019-11,2019
603505.SH,金石资源,2019-11-12,17.52,17.32,4209600000,非金属矿采选业,2019-11,2019
603505.SH,金石资源,2019-11-13,17.32,17.37,4221600000,非金属矿采选业,2019-11,2019
603505.SH,金石资源,2019-11-14,17.57,17.47,4245600000,非金属矿采选业,2019-11,2019
603505.SH,金石资源,2019-11-15,17.4,17.46,4243200000,非金属矿采选业,2019-11,2019
603505.SH,金石资源,2019-11-18,17.52,17.67,4296000000,非金属矿采选业,2019-11,2019
603505.SH,金石资源,2019-11-19,17.62,17.85,4339200000,非金属矿采选业,2019-11,2019
603505.SH,金石资源,2019-11-20,17.77,17.49,4250400000,非金属矿采选业,2019-11,2019
603505.SH,金石资源,2019-11-21,17.49,17.59,4276800000,非金属矿采选业,2019-11,2019
603505.SH,金石资源,2019-11-22,17.59,17.65,4291200000,非金属矿采选业,2019-11,2019
603505.SH,金石资源,2019-11-25,17.5,17.4,4228800000,非金属矿采选业,2019-11,2019
603505.SH,金石资源,2019-11-26,17.57,17.61,4281600000,非金属矿采选业,2019-11,2019
603505.SH,金石资源,2019-11-27,17.5,17.5,4252800000,非金属矿采选业,2019-11,2019
603505.SH,金石资源,2019-11-28,17.51,17.41,4231200000,非金属矿采选业,2019-11,2019
603505.SH,金石资源,2019-11-29,16.93,16.67,4051200000,非金属矿采选业,2019-11,2019
603505.SH,金石资源,2019-12-02,16.67,16.96,4123200000,非金属矿采选业,2019-12,2019
603505.SH,金石资源,2019-12-03,16.72,17.45,4240800000,非金属矿采选业,2019-12,2019
603505.SH,金石资源,2019-12-04,17.4,17.76,4317600000,非金属矿采选业,2019-12,2019
603505.SH,金石资源,2019-12-05,17.81,17.95,4363200000,非金属矿采选业,2019-12,2019
603505.SH,金石资源,2019-12-06,18.07,18.67,4538400000,非金属矿采选业,2019-12,2019
603505.SH,金石资源,2019-12-09,18.58,18.82,4574400000,非金属矿采选业,2019-12,2019
603505.SH,金石资源,2019-12-10,18.91,18.97,4610400000,非金属矿采选业,2019-12,2019
603505.SH,金石资源,2019-12-11,19.05,18.93,4600800000,非金属矿采选业,2019-12,2019
603505.SH,金石资源,2019-12-12,19.06,18.84,4579200000,非金属矿采选业,2019-12,2019
603505.SH,金石资源,2019-12-13,18.96,18.88,4588800000,非金属矿采选业,2019-12,2019
603505.SH,金石资源,2019-12-16,19.01,19.35,4704000000,非金属矿采选业,2019-12,2019
603505.SH,金石资源,2019-12-17,19.35,19.25,4680000000,非金属矿采选业,2019-12,2019
603505.SH,金石资源,2019-12-18,19.2,19.06,4632000000,非金属矿采选业,2019-12,2019
603505.SH,金石资源,2019-12-19,19.07,19.1,4644000000,非金属矿采选业,2019-12,2019
603505.SH,金石资源,2019-12-20,19.07,19.29,4689600000,非金属矿采选业,2019-12,2019
603505.SH,金石资源,2019-12-23,19.29,18.71,4548000000,非金属矿采选业,2019-12,2019
603505.SH,金石资源,2019-12-24,18.75,19.8,4812000000,非金属矿采选业,2019-12,2019
603505.SH,金石资源,2019-12-25,19.79,19.81,4814400000,非金属矿采选业,2019-12,2019
603505.SH,金石资源,2019-12-26,19.93,20.35,4946400000,非金属矿采选业,2019-12,2019
603505.SH,金石资源,2019-12-27,20.35,20.14,4896000000,非金属矿采选业,2019-12,2019
603505.SH,金石资源,2019-12-30,20.13,20.46,4972800000,非金属矿采选业,2019-12,2019
603505.SH,金石资源,2019-12-31,20.98,20.53,4989600000,非金属矿采选业,2019-12,2019
603505.SH,金石资源,2020-01-02,20.59,21.08,5124000000,非金属矿采选业,2020-01,2020
603505.SH,金石资源,2020-01-03,21.18,21.41,5205600000,非金属矿采选业,2020-01,2020
603505.SH,金石资源,2020-01-06,21.34,21.49,5224800000,非金属矿采选业,2020-01,2020
603505.SH,金石资源,2020-01-07,21.87,21.83,5306400000,非金属矿采选业,2020-01,2020
603505.SH,金石资源,2020-01-08,21.72,21.54,5236800000,非金属矿采选业,2020-01,2020
603505.SH,金石资源,2020-01-09,21.7,22.51,5472000000,非金属矿采选业,2020-01,2020
603505.SH,金石资源,2020-01-10,22.72,22.71,5520000000,非金属矿采选业,2020-01,2020
603505.SH,金石资源,2020-01-13,22.38,22.67,5510400000,非金属矿采选业,2020-01,2020
603505.SH,金石资源,2020-01-14,22.9,22.81,5544000000,非金属矿采选业,2020-01,2020
603505.SH,金石资源,2020-01-15,23.01,23.2,5640000000,非金属矿采选业,2020-01,2020
603505.SH,金石资源,2020-01-16,23.13,24.42,5935200000,非金属矿采选业,2020-01,2020
603505.SH,金石资源,2020-01-17,24.63,24.53,5964000000,非金属矿采选业,2020-01,2020
603505.SH,金石资源,2020-01-20,24.77,24.67,5997600000,非金属矿采选业,2020-01,2020
603505.SH,金石资源,2020-01-21,24.52,24.49,5952000000,非金属矿采选业,2020-01,2020
603505.SH,金石资源,2020-01-22,24.13,24.92,6057600000,非金属矿采选业,2020-01,2020
603505.SH,金石资源,2020-01-23,24.49,24.09,5856000000,非金属矿采选业,2020-01,2020
603505.SH,金石资源,2020-02-03,21.68,21.68,5270400000,非金属矿采选业,2020-02,2020
603505.SH,金石资源,2020-02-04,20.73,22.32,5426400000,非金属矿采选业,2020-02,2020
603505.SH,金石资源,2020-02-05,22.31,23.53,5719200000,非金属矿采选业,2020-02,2020
603505.SH,金石资源,2020-02-06,23.56,23.79,5784000000,非金属矿采选业,2020-02,2020
603505.SH,金石资源,2020-02-07,23.68,23.64,5745600000,非金属矿采选业,2020-02,2020
603505.SH,金石资源,2020-02-10,23.79,24.39,5928000000,非金属矿采选业,2020-02,2020
603505.SH,金石资源,2020-02-11,24.57,24.11,5860800000,非金属矿采选业,2020-02,2020
603505.SH,金石资源,2020-02-12,23.91,24.52,5959200000,非金属矿采选业,2020-02,2020
603505.SH,金石资源,2020-02-13,24.78,24.22,5887200000,非金属矿采选业,2020-02,2020
603505.SH,金石资源,2020-02-14,24.21,24.1,5858400000,非金属矿采选业,2020-02,2020
603505.SH,金石资源,2020-02-17,24.1,24.47,5947200000,非金属矿采选业,2020-02,2020
603505.SH,金石资源,2020-02-18,24.48,26.27,6386400000,非金属矿采选业,2020-02,2020
603505.SH,金石资源,2020-02-19,26.36,27.03,6571200000,非金属矿采选业,2020-02,2020
603505.SH,金石资源,2020-02-20,27.22,26.71,6492000000,非金属矿采选业,2020-02,2020
603505.SH,金石资源,2020-02-21,26.83,26.26,6384000000,非金属矿采选业,2020-02,2020
603505.SH,金石资源,2020-02-24,26.1,26.92,6544800000,非金属矿采选业,2020-02,2020
603505.SH,金石资源,2020-02-25,26.54,27.07,6580800000,非金属矿采选业,2020-02,2020
603505.SH,金石资源,2020-02-26,26.67,25.55,6211200000,非金属矿采选业,2020-02,2020
603505.SH,金石资源,2020-02-27,25.8,26.46,6432000000,非金属矿采选业,2020-02,2020
603505.SH,金石资源,2020-02-28,25.05,24.29,5904000000,非金属矿采选业,2020-02,2020
603505.SH,金石资源,2020-03-02,24.56,25.14,6110400000,非金属矿采选业,2020-03,2020
603505.SH,金石资源,2020-03-03,25.5,25.27,6141600000,非金属矿采选业,2020-03,2020
603505.SH,金石资源,2020-03-04,24.98,25.62,6228000000,非金属矿采选业,2020-03,2020
603505.SH,金石资源,2020-03-05,25.93,25.53,6206400000,非金属矿采选业,2020-03,2020
603505.SH,金石资源,2020-03-06,25.53,24.96,6067200000,非金属矿采选业,2020-03,2020
603505.SH,金石资源,2020-03-09,24.29,23.48,5707200000,非金属矿采选业,2020-03,2020
603505.SH,金石资源,2020-03-10,23.2,24.93,6060000000,非金属矿采选业,2020-03,2020
603505.SH,金石资源,2020-03-11,25.26,25.27,6141600000,非金属矿采选业,2020-03,2020
603505.SH,金石资源,2020-03-12,24.85,24.09,5856000000,非金属矿采选业,2020-03,2020
603505.SH,金石资源,2020-03-13,22.85,23.33,5671200000,非金属矿采选业,2020-03,2020
603505.SH,金石资源,2020-03-16,23.52,21.9,5323200000,非金属矿采选业,2020-03,2020
603505.SH,金石资源,2020-03-17,22.04,21.62,5256000000,非金属矿采选业,2020-03,2020
603505.SH,金石资源,2020-03-18,21.79,21.52,5232000000,非金属矿采选业,2020-03,2020
603505.SH,金石资源,2020-03-19,21.54,21.92,5328000000,非金属矿采选业,2020-03,2020
603505.SH,金石资源,2020-03-20,22.21,21.93,5330400000,非金属矿采选业,2020-03,2020
603505.SH,金石资源,2020-03-23,21.22,20.63,5016000000,非金属矿采选业,2020-03,2020
603505.SH,金石资源,2020-03-24,21.25,21.08,5124000000,非金属矿采选业,2020-03,2020
603505.SH,金石资源,2020-03-25,21.62,21.31,5179200000,非金属矿采选业,2020-03,2020
603505.SH,金石资源,2020-03-26,21.03,20.85,5068800000,非金属矿采选业,2020-03,2020
603505.SH,金石资源,2020-03-27,21.18,20.95,5092800000,非金属矿采选业,2020-03,2020
603505.SH,金石资源,2020-03-30,20.63,20.26,4924800000,非金属矿采选业,2020-03,2020
603505.SH,金石资源,2020-03-31,20.54,20.59,5004000000,非金属矿采选业,2020-03,2020
603505.SH,金石资源,2020-04-01,20.43,20.86,5071200000,非金属矿采选业,2020-04,2020
603505.SH,金石资源,2020-04-02,20.65,21.29,5174400000,非金属矿采选业,2020-04,2020
603505.SH,金石资源,2020-04-03,21.23,21.0,5104800000,非金属矿采选业,2020-04,2020
603505.SH,金石资源,2020-04-07,21.34,21.32,5181600000,非金属矿采选业,2020-04,2020
603505.SH,金石资源,2020-04-08,21.3,21.23,5160000000,非金属矿采选业,2020-04,2020
603505.SH,金石资源,2020-04-09,21.38,21.18,5148000000,非金属矿采选业,2020-04,2020
603505.SH,金石资源,2020-04-10,21.2,20.6,5006400000,非金属矿采选业,2020-04,2020
603505.SH,金石资源,2020-04-13,20.54,20.28,4929600000,非金属矿采选业,2020-04,2020
603505.SH,金石资源,2020-04-14,20.37,21.23,5160000000,非金属矿采选业,2020-04,2020
603505.SH,金石资源,2020-04-15,21.23,21.16,5143200000,非金属矿采选业,2020-04,2020
603505.SH,金石资源,2020-04-16,21.21,21.89,5320800000,非金属矿采选业,2020-04,2020
603505.SH,金石资源,2020-04-17,22.23,22.31,5424000000,非金属矿采选业,2020-04,2020
603505.SH,金石资源,2020-04-20,22.39,22.61,5496000000,非金属矿采选业,2020-04,2020
603505.SH,金石资源,2020-04-21,22.51,22.29,5419200000,非金属矿采选业,2020-04,2020
603505.SH,金石资源,2020-04-22,22.31,22.12,5376000000,非金属矿采选业,2020-04,2020
603505.SH,金石资源,2020-04-23,22.13,22.04,5356800000,非金属矿采选业,2020-04,2020
603505.SH,金石资源,2020-04-24,22.1,21.53,5234400000,非金属矿采选业,2020-04,2020
603505.SH,金石资源,2020-04-27,21.54,20.92,5085600000,非金属矿采选业,2020-04,2020
603505.SH,金石资源,2020-04-28,20.98,20.49,4980000000,非金属矿采选业,2020-04,2020
603505.SH,金石资源,2020-04-29,20.24,21.03,5112000000,非金属矿采选业,2020-04,2020
603505.SH,金石资源,2020-04-30,21.44,20.96,5095200000,非金属矿采选业,2020-04,2020
603505.SH,金石资源,2020-05-06,20.73,21.87,5316000000,非金属矿采选业,2020-05,2020
603505.SH,金石资源,2020-05-07,21.9,22.38,5440800000,非金属矿采选业,2020-05,2020
603505.SH,金石资源,2020-05-08,22.54,22.88,5560800000,非金属矿采选业,2020-05,2020
603505.SH,金石资源,2020-05-11,23.08,22.32,5426400000,非金属矿采选业,2020-05,2020
603505.SH,金石资源,2020-05-12,22.45,22.09,5368800000,非金属矿采选业,2020-05,2020
603505.SH,金石资源,2020-05-13,21.94,22.09,5368800000,非金属矿采选业,2020-05,2020
603505.SH,金石资源,2020-05-14,22.02,21.4,5203200000,非金属矿采选业,2020-05,2020
603505.SH,金石资源,2020-05-15,21.55,21.67,5268000000,非金属矿采选业,2020-05,2020
603505.SH,金石资源,2020-05-18,21.72,21.48,5222400000,非金属矿采选业,2020-05,2020
603505.SH,金石资源,2020-05-19,21.67,22.35,5433600000,非金属矿采选业,2020-05,2020
603505.SH,金石资源,2020-05-20,22.21,21.52,5232000000,非金属矿采选业,2020-05,2020
603505.SH,金石资源,2020-05-21,21.53,20.78,5052000000,非金属矿采选业,2020-05,2020
603505.SH,金石资源,2020-05-22,20.87,20.14,4896000000,非金属矿采选业,2020-05,2020
603505.SH,金石资源,2020-05-25,20.19,19.42,4720800000,非金属矿采选业,2020-05,2020
603505.SH,金石资源,2020-05-26,19.43,19.82,4816800000,非金属矿采选业,2020-05,2020
603505.SH,金石资源,2020-05-27,19.71,19.55,4752000000,非金属矿采选业,2020-05,2020
603505.SH,金石资源,2020-05-28,19.55,19.99,4860000000,非金属矿采选业,2020-05,2020
603505.SH,金石资源,2020-05-29,19.79,19.73,4795200000,非金属矿采选业,2020-05,2020
603505.SH,金石资源,2020-06-01,19.93,20.24,4920000000,非金属矿采选业,2020-06,2020
603505.SH,金石资源,2020-06-02,20.29,20.69,5030400000,非金属矿采选业,2020-06,2020
603505.SH,金石资源,2020-06-03,20.69,20.24,4920000000,非金属矿采选业,2020-06,2020
603505.SH,金石资源,2020-06-04,20.31,20.49,4980000000,非金属矿采选业,2020-06,2020
603505.SH,金石资源,2020-06-05,20.35,20.4,4958400000,非金属矿采选业,2020-06,2020
603505.SH,金石资源,2020-06-08,20.62,21.36,5191200000,非金属矿采选业,2020-06,2020
603505.SH,金石资源,2020-06-09,21.62,21.32,5181600000,非金属矿采选业,2020-06,2020
603505.SH,金石资源,2020-06-10,21.31,20.99,5102400000,非金属矿采选业,2020-06,2020
603505.SH,金石资源,2020-06-11,20.99,21.13,5136000000,非金属矿采选业,2020-06,2020
603505.SH,金石资源,2020-06-12,20.68,20.85,5068800000,非金属矿采选业,2020-06,2020
603505.SH,金石资源,2020-06-15,20.84,19.97,4855200000,非金属矿采选业,2020-06,2020
603505.SH,金石资源,2020-06-16,20.24,21.11,5131200000,非金属矿采选业,2020-06,2020
603505.SH,金石资源,2020-06-17,21.19,21.29,5174400000,非金属矿采选业,2020-06,2020
603505.SH,金石资源,2020-06-18,21.4,21.12,5133600000,非金属矿采选业,2020-06,2020
603505.SH,金石资源,2020-06-19,21.23,21.11,5131200000,非金属矿采选业,2020-06,2020
603505.SH,金石资源,2020-06-22,21.18,20.91,5083200000,非金属矿采选业,2020-06,2020
603505.SH,金石资源,2020-06-23,20.94,21.82,5304000000,非金属矿采选业,2020-06,2020
603505.SH,金石资源,2020-06-24,21.81,21.18,5148000000,非金属矿采选业,2020-06,2020
603505.SH,金石资源,2020-06-29,21.2,21.0,5104800000,非金属矿采选业,2020-06,2020
603505.SH,金石资源,2020-06-30,21.06,21.33,5184000000,非金属矿采选业,2020-06,2020
603505.SH,金石资源,2020-07-01,21.46,21.39,5198400000,非金属矿采选业,2020-07,2020
603505.SH,金石资源,2020-07-02,21.46,22.25,5409600000,非金属矿采选业,2020-07,2020
603505.SH,金石资源,2020-07-03,22.44,22.5,5469600000,非金属矿采选业,2020-07,2020
603505.SH,金石资源,2020-07-06,22.81,23.55,5724000000,非金属矿采选业,2020-07,2020
603505.SH,金石资源,2020-07-07,23.69,23.34,5673600000,非金属矿采选业,2020-07,2020
603505.SH,金石资源,2020-07-08,23.26,24.35,5918400000,非金属矿采选业,2020-07,2020
603505.SH,金石资源,2020-07-09,24.19,24.52,5961600000,非金属矿采选业,2020-07,2020
603505.SH,金石资源,2020-07-10,24.96,24.73,6012000000,非金属矿采选业,2020-07,2020
603505.SH,金石资源,2020-07-13,24.81,25.48,6194400000,非金属矿采选业,2020-07,2020
603505.SH,金石资源,2020-07-14,25.37,24.48,5949600000,非金属矿采选业,2020-07,2020
603505.SH,金石资源,2020-07-15,24.49,24.15,5870400000,非金属矿采选业,2020-07,2020
603505.SH,金石资源,2020-07-16,24.27,23.35,5676000000,非金属矿采选业,2020-07,2020
603505.SH,金石资源,2020-07-17,23.55,23.26,5582400000,非金属矿采选业,2020-07,2020
603505.SH,金石资源,2020-07-20,23.48,24.5,5880000000,非金属矿采选业,2020-07,2020
603505.SH,金石资源,2020-07-21,24.5,24.71,5930400000,非金属矿采选业,2020-07,2020
603505.SH,金石资源,2020-07-22,25.0,24.52,5884800000,非金属矿采选业,2020-07,2020
603505.SH,金石资源,2020-07-23,24.3,24.42,5860800000,非金属矿采选业,2020-07,2020
603505.SH,金石资源,2020-07-24,24.27,22.89,5493600000,非金属矿采选业,2020-07,2020
603505.SH,金石资源,2020-07-27,23.0,22.94,5505600000,非金属矿采选业,2020-07,2020
603505.SH,金石资源,2020-07-28,23.05,24.08,5779200000,非金属矿采选业,2020-07,2020
603505.SH,金石资源,2020-07-29,24.07,24.94,5985600000,非金属矿采选业,2020-07,2020
603505.SH,金石资源,2020-07-30,25.2,25.08,6019200000,非金属矿采选业,2020-07,2020
603505.SH,金石资源,2020-07-31,24.7,24.54,5889600000,非金属矿采选业,2020-07,2020
603505.SH,金石资源,2020-08-03,24.83,25.79,6189600000,非金属矿采选业,2020-08,2020
603505.SH,金石资源,2020-08-04,26.07,26.2,6288000000,非金属矿采选业,2020-08,2020
603505.SH,金石资源,2020-08-05,26.28,25.8,6192000000,非金属矿采选业,2020-08,2020
603505.SH,金石资源,2020-08-06,25.88,26.01,6242400000,非金属矿采选业,2020-08,2020
603505.SH,金石资源,2020-08-07,26.01,25.85,6204000000,非金属矿采选业,2020-08,2020
603505.SH,金石资源,2020-08-10,25.82,25.52,6124800000,非金属矿采选业,2020-08,2020
603505.SH,金石资源,2020-08-11,25.66,24.74,5937600000,非金属矿采选业,2020-08,2020
603505.SH,金石资源,2020-08-12,24.51,24.35,5844000000,非金属矿采选业,2020-08,2020
603505.SH,金石资源,2020-08-13,24.4,24.17,5800800000,非金属矿采选业,2020-08,2020
603505.SH,金石资源,2020-08-14,24.03,24.36,5846400000,非金属矿采选业,2020-08,2020
603505.SH,金石资源,2020-08-17,24.38,24.5,5880000000,非金属矿采选业,2020-08,2020
603505.SH,金石资源,2020-08-18,24.49,24.22,5812800000,非金属矿采选业,2020-08,2020
603505.SH,金石资源,2020-08-19,23.91,23.8,5712000000,非金属矿采选业,2020-08,2020
603505.SH,金石资源,2020-08-20,23.79,23.75,5700000000,非金属矿采选业,2020-08,2020
603505.SH,金石资源,2020-08-21,23.82,23.82,5716800000,非金属矿采选业,2020-08,2020
603505.SH,金石资源,2020-08-24,23.99,24.08,5779200000,非金属矿采选业,2020-08,2020
603505.SH,金石资源,2020-08-25,24.03,23.65,5676000000,非金属矿采选业,2020-08,2020
603505.SH,金石资源,2020-08-26,23.72,22.71,5450400000,非金属矿采选业,2020-08,2020
603505.SH,金石资源,2020-08-27,22.71,22.77,5464800000,非金属矿采选业,2020-08,2020
603505.SH,金石资源,2020-08-28,22.78,23.12,5548800000,非金属矿采选业,2020-08,2020
603505.SH,金石资源,2020-08-31,23.04,22.85,5484000000,非金属矿采选业,2020-08,2020
603505.SH,金石资源,2020-09-01,22.81,23.04,5529600000,非金属矿采选业,2020-09,2020
603505.SH,金石资源,2020-09-02,23.06,23.01,5522400000,非金属矿采选业,2020-09,2020
603505.SH,金石资源,2020-09-03,23.04,22.67,5440800000,非金属矿采选业,2020-09,2020
603505.SH,金石资源,2020-09-04,22.4,22.65,5436000000,非金属矿采选业,2020-09,2020
603505.SH,金石资源,2020-09-07,22.53,22.42,5380800000,非金属矿采选业,2020-09,2020
603505.SH,金石资源,2020-09-08,22.45,22.48,5395200000,非金属矿采选业,2020-09,2020
603505.SH,金石资源,2020-09-09,22.2,21.58,5179200000,非金属矿采选业,2020-09,2020
603505.SH,金石资源,2020-09-10,21.87,20.71,4970400000,非金属矿采选业,2020-09,2020
603505.SH,金石资源,2020-09-11,20.72,21.32,5116800000,非金属矿采选业,2020-09,2020
603505.SH,金石资源,2020-09-14,21.32,21.65,5196000000,非金属矿采选业,2020-09,2020
603505.SH,金石资源,2020-09-15,21.89,21.35,5124000000,非金属矿采选业,2020-09,2020
603505.SH,金石资源,2020-09-16,21.4,21.43,5143200000,非金属矿采选业,2020-09,2020
603505.SH,金石资源,2020-09-17,21.4,21.76,5222400000,非金属矿采选业,2020-09,2020
603505.SH,金石资源,2020-09-18,21.8,22.33,5359200000,非金属矿采选业,2020-09,2020
603505.SH,金石资源,2020-09-21,22.5,22.15,5316000000,非金属矿采选业,2020-09,2020
603505.SH,金石资源,2020-09-22,21.93,21.9,5256000000,非金属矿采选业,2020-09,2020
603505.SH,金石资源,2020-09-23,22.0,21.85,5244000000,非金属矿采选业,2020-09,2020
603505.SH,金石资源,2020-09-24,21.7,21.35,5124000000,非金属矿采选业,2020-09,2020
603505.SH,金石资源,2020-09-25,21.52,21.05,5052000000,非金属矿采选业,2020-09,2020
603505.SH,金石资源,2020-09-28,21.04,20.88,5011200000,非金属矿采选业,2020-09,2020
603505.SH,金石资源,2020-09-29,21.09,20.85,5004000000,非金属矿采选业,2020-09,2020
603505.SH,金石资源,2020-09-30,20.8,21.0,5040000000,非金属矿采选业,2020-09,2020
603505.SH,金石资源,2020-10-09,21.44,21.85,5244000000,非金属矿采选业,2020-10,2020
603505.SH,金石资源,2020-10-12,21.93,22.32,5356800000,非金属矿采选业,2020-10,2020
603505.SH,金石资源,2020-10-13,22.29,22.05,5292000000,非金属矿采选业,2020-10,2020
603505.SH,金石资源,2020-10-14,22.28,22.18,5323200000,非金属矿采选业,2020-10,2020
603505.SH,金石资源,2020-10-15,22.34,22.1,5304000000,非金属矿采选业,2020-10,2020
603505.SH,金石资源,2020-10-16,22.1,22.06,5294400000,非金属矿采选业,2020-10,2020
603505.SH,金石资源,2020-10-19,22.06,22.19,5325600000,非金属矿采选业,2020-10,2020
603505.SH,金石资源,2020-10-20,22.18,22.59,5421600000,非金属矿采选业,2020-10,2020
603505.SH,金石资源,2020-10-21,22.59,22.53,5407200000,非金属矿采选业,2020-10,2020
603505.SH,金石资源,2020-10-22,22.53,22.34,5361600000,非金属矿采选业,2020-10,2020
603505.SH,金石资源,2020-10-23,22.34,21.94,5265600000,非金属矿采选业,2020-10,2020
603505.SH,金石资源,2020-10-26,21.75,21.89,5253600000,非金属矿采选业,2020-10,2020
603505.SH,金石资源,2020-10-27,22.16,21.68,5203200000,非金属矿采选业,2020-10,2020
603505.SH,金石资源,2020-10-28,21.68,21.26,5102400000,非金属矿采选业,2020-10,2020
603505.SH,金石资源,2020-10-29,21.5,22.63,5431200000,非金属矿采选业,2020-10,2020
603505.SH,金石资源,2020-10-30,22.48,23.2,5568000000,非金属矿采选业,2020-10,2020
603505.SH,金石资源,2020-11-02,23.62,23.88,5731200000,非金属矿采选业,2020-11,2020
603505.SH,金石资源,2020-11-03,23.92,23.8,5712000000,非金属矿采选业,2020-11,2020
603505.SH,金石资源,2020-11-04,23.65,23.84,5721600000,非金属矿采选业,2020-11,2020
603505.SH,金石资源,2020-11-05,24.51,24.45,5868000000,非金属矿采选业,2020-11,2020
603505.SH,金石资源,2020-11-06,24.35,24.9,5976000000,非金属矿采选业,2020-11,2020
603505.SH,金石资源,2020-11-09,25.0,25.0,6000000000,非金属矿采选业,2020-11,2020
603505.SH,金石资源,2020-11-10,24.84,24.99,5997600000,非金属矿采选业,2020-11,2020
603505.SH,金石资源,2020-11-11,24.89,24.77,5944800000,非金属矿采选业,2020-11,2020
603505.SH,金石资源,2020-11-12,24.9,25.09,6021600000,非金属矿采选业,2020-11,2020
603505.SH,金石资源,2020-11-13,25.1,25.66,6158400000,非金属矿采选业,2020-11,2020
603505.SH,金石资源,2020-11-16,25.66,26.66,6398400000,非金属矿采选业,2020-11,2020
603505.SH,金石资源,2020-11-17,26.45,26.24,6297600000,非金属矿采选业,2020-11,2020
603505.SH,金石资源,2020-11-18,26.32,26.22,6292800000,非金属矿采选业,2020-11,2020
603505.SH,金石资源,2020-11-19,26.32,25.84,6201600000,非金属矿采选业,2020-11,2020
603505.SH,金石资源,2020-11-20,25.89,26.14,6273600000,非金属矿采选业,2020-11,2020
603505.SH,金石资源,2020-11-23,26.06,27.64,6633600000,非金属矿采选业,2020-11,2020
603505.SH,金石资源,2020-11-24,27.7,28.06,6734400000,非金属矿采选业,2020-11,2020
603505.SH,金石资源,2020-11-25,28.23,27.59,6621600000,非金属矿采选业,2020-11,2020
603505.SH,金石资源,2020-11-26,27.34,27.72,6652800000,非金属矿采选业,2020-11,2020
603505.SH,金石资源,2020-11-27,27.69,27.7,6648000000,非金属矿采选业,2020-11,2020
603505.SH,金石资源,2020-11-30,27.9,26.96,6470400000,非金属矿采选业,2020-11,2020
603505.SH,金石资源,2020-12-01,26.96,27.35,6564000000,非金属矿采选业,2020-12,2020
603505.SH,金石资源,2020-12-02,27.31,27.29,6549600000,非金属矿采选业,2020-12,2020
603505.SH,金石资源,2020-12-03,27.43,26.54,6369600000,非金属矿采选业,2020-12,2020
603505.SH,金石资源,2020-12-04,26.54,27.0,6480000000,非金属矿采选业,2020-12,2020
603505.SH,金石资源,2020-12-07,27.11,27.27,6544800000,非金属矿采选业,2020-12,2020
603505.SH,金石资源,2020-12-08,27.49,27.4,6576000000,非金属矿采选业,2020-12,2020
603505.SH,金石资源,2020-12-09,27.54,26.79,6429600000,非金属矿采选业,2020-12,2020
603505.SH,金石资源,2020-12-10,26.67,27.95,6708000000,非金属矿采选业,2020-12,2020
603505.SH,金石资源,2020-12-11,28.03,27.84,6681600000,非金属矿采选业,2020-12,2020
603505.SH,金石资源,2020-12-14,27.51,27.22,6532800000,非金属矿采选业,2020-12,2020
603505.SH,金石资源,2020-12-15,27.14,27.95,6708000000,非金属矿采选业,2020-12,2020
603505.SH,金石资源,2020-12-16,28.03,28.26,6782400000,非金属矿采选业,2020-12,2020
603505.SH,金石资源,2020-12-17,28.16,28.0,6720000000,非金属矿采选业,2020-12,2020
603505.SH,金石资源,2020-12-18,27.96,28.55,6852000000,非金属矿采选业,2020-12,2020
603505.SH,金石资源,2020-12-21,28.67,30.5,7320000000,非金属矿采选业,2020-12,2020
603505.SH,金石资源,2020-12-22,30.26,29.29,7029600000,非金属矿采选业,2020-12,2020
603505.SH,金石资源,2020-12-23,29.31,29.44,7065600000,非金属矿采选业,2020-12,2020
603505.SH,金石资源,2020-12-24,29.37,29.65,7116000000,非金属矿采选业,2020-12,2020
603505.SH,金石资源,2020-12-25,29.32,30.58,7339200000,非金属矿采选业,2020-12,2020
603505.SH,金石资源,2020-12-28,30.42,30.19,7245600000,非金属矿采选业,2020-12,2020
603505.SH,金石资源,2020-12-29,29.01,29.75,7140000000,非金属矿采选业,2020-12,2020
603505.SH,金石资源,2020-12-30,29.51,29.79,7149600000,非金属矿采选业,2020-12,2020
