代码,简称,日期,开盘价(元),收盘价(元),总市值(元),industry,month,year,weight
603929.SH,亚翔集成,2016-12-30,6.79,6.79,1516989600.0,建筑安装业,2016-12,2016,1.0
603929.SH,亚翔集成,2017-01-03,7.47,7.47,1668475200.0,建筑安装业,2017-01,2017,1.0
603929.SH,亚翔集成,2017-01-04,8.22,8.22,1834896000.0,建筑安装业,2017-01,2017,1.0
603929.SH,亚翔集成,2017-01-05,9.04,9.04,2018385600.0,建筑安装业,2017-01,2017,1.0
603929.SH,亚翔集成,2017-01-06,9.95,9.95,2221077600.0,建筑安装业,2017-01,2017,1.0
603929.SH,亚翔集成,2017-01-09,10.94,10.94,2442972000.0,建筑安装业,2017-01,2017,1.0
603929.SH,亚翔集成,2017-01-10,12.04,12.04,2688336000.0,建筑安装业,2017-01,2017,1.0
603929.SH,亚翔集成,2017-01-11,13.24,13.24,2957169600.0,建筑安装业,2017-01,2017,1.0
603929.SH,亚翔集成,2017-01-12,14.57,14.57,3253740000.0,建筑安装业,2017-01,2017,1.0
603929.SH,亚翔集成,2017-01-13,16.03,16.03,3580180800.0,建筑安装业,2017-01,2017,1.0
603929.SH,亚翔集成,2017-01-16,17.64,17.64,3938625600.0,建筑安装业,2017-01,2017,1.0
603929.SH,亚翔集成,2017-01-17,19.4,19.4,4333341600.0,建筑安装业,2017-01,2017,1.0
603929.SH,亚翔集成,2017-01-18,21.34,21.34,4766462400.0,建筑安装业,2017-01,2017,1.0
603929.SH,亚翔集成,2017-01-19,23.47,23.47,5242255200.0,建筑安装业,2017-01,2017,1.0
603929.SH,亚翔集成,2017-01-20,24.28,25.82,5767120800.0,建筑安装业,2017-01,2017,1.0
603929.SH,亚翔集成,2017-01-23,26.6,25.12,5609234400.0,建筑安装业,2017-01,2017,1.0
603929.SH,亚翔集成,2017-01-24,25.01,25.07,5598566400.0,建筑安装业,2017-01,2017,1.0
603929.SH,亚翔集成,2017-01-25,24.74,25.71,5741517600.0,建筑安装业,2017-01,2017,1.0
603929.SH,亚翔集成,2017-01-26,25.49,25.95,5794857600.0,建筑安装业,2017-01,2017,1.0
603929.SH,亚翔集成,2017-02-03,25.75,25.32,5654040000.0,建筑安装业,2017-02,2017,1.0
603929.SH,亚翔集成,2017-02-06,25.7,27.85,6219444000.0,建筑安装业,2017-02,2017,1.0
603929.SH,亚翔集成,2017-02-07,28.62,28.45,6353860800.0,建筑安装业,2017-02,2017,1.0
603929.SH,亚翔集成,2017-02-08,27.99,29.2,6520281600.0,建筑安装业,2017-02,2017,1.0
603929.SH,亚翔集成,2017-02-09,28.81,28.9,6454140000.0,建筑安装业,2017-02,2017,1.0
603929.SH,亚翔集成,2017-02-10,28.95,28.4,6343192800.0,建筑安装业,2017-02,2017,1.0
603929.SH,亚翔集成,2017-02-13,27.95,29.54,6597091200.0,建筑安装业,2017-02,2017,1.0
603929.SH,亚翔集成,2017-02-14,29.32,29.41,6567220800.0,建筑安装业,2017-02,2017,1.0
603929.SH,亚翔集成,2017-02-15,28.98,30.05,6710172000.0,建筑安装业,2017-02,2017,1.0
603929.SH,亚翔集成,2017-02-16,29.63,29.34,6552285600.0,建筑安装业,2017-02,2017,1.0
603929.SH,亚翔集成,2017-02-17,28.96,27.7,6185306400.0,建筑安装业,2017-02,2017,1.0
603929.SH,亚翔集成,2017-02-20,27.7,27.26,6087160800.0,建筑安装业,2017-02,2017,1.0
603929.SH,亚翔集成,2017-02-21,27.31,27.88,6225844800.0,建筑安装业,2017-02,2017,1.0
603929.SH,亚翔集成,2017-02-22,27.91,28.23,6304788000.0,建筑安装业,2017-02,2017,1.0
603929.SH,亚翔集成,2017-02-23,27.99,28.75,6420002400.0,建筑安装业,2017-02,2017,1.0
603929.SH,亚翔集成,2017-02-24,28.59,29.36,6556552800.0,建筑安装业,2017-02,2017,1.0
603929.SH,亚翔集成,2017-02-27,29.14,29.61,6612026400.0,建筑安装业,2017-02,2017,1.0
603929.SH,亚翔集成,2017-02-28,29.45,30.85,6889394400.0,建筑安装业,2017-02,2017,1.0
603929.SH,亚翔集成,2017-03-01,30.61,31.02,6927799200.0,建筑安装业,2017-03,2017,1.0
603929.SH,亚翔集成,2017-03-02,30.82,31.37,7004608800.0,建筑安装业,2017-03,2017,1.0
603929.SH,亚翔集成,2017-03-03,31.08,33.67,7518806400.0,建筑安装业,2017-03,2017,1.0
603929.SH,亚翔集成,2017-03-06,33.33,33.67,7518806400.0,建筑安装业,2017-03,2017,1.0
603929.SH,亚翔集成,2017-03-07,33.3,32.67,7296912000.0,建筑安装业,2017-03,2017,1.0
603929.SH,亚翔集成,2017-03-08,32.85,32.7,7303312800.0,建筑安装业,2017-03,2017,1.0
603929.SH,亚翔集成,2017-03-09,32.3,31.94,7132624800.0,建筑安装业,2017-03,2017,1.0
603929.SH,亚翔集成,2017-03-10,31.79,31.64,7066483200.0,建筑安装业,2017-03,2017,1.0
603929.SH,亚翔集成,2017-03-13,31.32,32.45,7247839200.0,建筑安装业,2017-03,2017,1.0
603929.SH,亚翔集成,2017-03-14,32.48,32.58,7275576000.0,建筑安装业,2017-03,2017,1.0
603929.SH,亚翔集成,2017-03-15,32.33,31.78,7096353600.0,建筑安装业,2017-03,2017,1.0
603929.SH,亚翔集成,2017-03-16,31.92,32.88,7343851200.0,建筑安装业,2017-03,2017,1.0
603929.SH,亚翔集成,2017-03-17,32.87,31.46,7025944800.0,建筑安装业,2017-03,2017,1.0
603929.SH,亚翔集成,2017-03-20,31.58,32.72,7307580000.0,建筑安装业,2017-03,2017,1.0
603929.SH,亚翔集成,2017-03-21,32.79,33.81,7550810400.0,建筑安装业,2017-03,2017,1.0
603929.SH,亚翔集成,2017-03-22,33.44,34.73,7755636000.0,建筑安装业,2017-03,2017,1.0
603929.SH,亚翔集成,2017-03-23,34.54,33.63,7510272000.0,建筑安装业,2017-03,2017,1.0
603929.SH,亚翔集成,2017-03-24,33.36,35.2,7860182400.0,建筑安装业,2017-03,2017,1.0
603929.SH,亚翔集成,2017-03-27,35.36,35.47,7922056800.0,建筑安装业,2017-03,2017,1.0
603929.SH,亚翔集成,2017-03-28,34.39,33.04,7377988800.0,建筑安装业,2017-03,2017,1.0
603929.SH,亚翔集成,2017-03-29,32.74,30.68,6850989600.0,建筑安装业,2017-03,2017,1.0
603929.SH,亚翔集成,2017-03-30,30.57,29.61,6612026400.0,建筑安装业,2017-03,2017,1.0
603929.SH,亚翔集成,2017-03-31,29.89,29.45,6575755200.0,建筑安装业,2017-03,2017,1.0
603929.SH,亚翔集成,2017-04-05,29.43,30.42,6793382400.0,建筑安装业,2017-04,2017,1.0
603929.SH,亚翔集成,2017-04-06,30.28,30.35,6778447200.0,建筑安装业,2017-04,2017,1.0
603929.SH,亚翔集成,2017-04-07,30.39,29.33,6550152000.0,建筑安装业,2017-04,2017,1.0
603929.SH,亚翔集成,2017-04-10,28.76,27.2,6074359200.0,建筑安装业,2017-04,2017,1.0
603929.SH,亚翔集成,2017-04-11,27.42,28.1,6274917600.0,建筑安装业,2017-04,2017,1.0
603929.SH,亚翔集成,2017-04-12,28.05,27.3,6095695200.0,建筑安装业,2017-04,2017,1.0
603929.SH,亚翔集成,2017-04-13,27.32,27.39,6117031200.0,建筑安装业,2017-04,2017,1.0
603929.SH,亚翔集成,2017-04-14,27.13,27.01,6031687200.0,建筑安装业,2017-04,2017,1.0
603929.SH,亚翔集成,2017-04-17,26.07,25.3,5649772800.0,建筑安装业,2017-04,2017,1.0
603929.SH,亚翔集成,2017-04-18,25.33,25.36,5662574400.0,建筑安装业,2017-04,2017,1.0
603929.SH,亚翔集成,2017-04-19,25.32,26.24,5860999200.0,建筑安装业,2017-04,2017,1.0
603929.SH,亚翔集成,2017-04-20,26.18,25.66,5730849600.0,建筑安装业,2017-04,2017,1.0
603929.SH,亚翔集成,2017-04-21,25.6,25.41,5675376000.0,建筑安装业,2017-04,2017,1.0
603929.SH,亚翔集成,2017-04-24,25.21,24.72,5519623200.0,建筑安装业,2017-04,2017,1.0
603929.SH,亚翔集成,2017-04-25,24.67,25.15,5615635200.0,建筑安装业,2017-04,2017,1.0
603929.SH,亚翔集成,2017-04-26,25.15,25.21,5630570400.0,建筑安装业,2017-04,2017,1.0
603929.SH,亚翔集成,2017-04-27,25.08,26.43,5901537600.0,建筑安装业,2017-04,2017,1.0
603929.SH,亚翔集成,2017-04-28,26.22,26.46,5910072000.0,建筑安装业,2017-04,2017,1.0
603929.SH,亚翔集成,2017-05-02,25.7,25.7,5739384000.0,建筑安装业,2017-05,2017,1.0
603929.SH,亚翔集成,2017-05-03,25.59,26.15,5839663200.0,建筑安装业,2017-05,2017,1.0
603929.SH,亚翔集成,2017-05-04,26.02,25.65,5728716000.0,建筑安装业,2017-05,2017,1.0
603929.SH,亚翔集成,2017-05-05,25.4,24.66,5506821600.0,建筑安装业,2017-05,2017,1.0
603929.SH,亚翔集成,2017-05-08,24.36,23.7,5293461600.0,建筑安装业,2017-05,2017,1.0
603929.SH,亚翔集成,2017-05-09,23.87,24.43,5455615200.0,建筑安装业,2017-05,2017,1.0
603929.SH,亚翔集成,2017-05-10,24.44,23.82,5319064800.0,建筑安装业,2017-05,2017,1.0
603929.SH,亚翔集成,2017-05-11,23.5,24.72,5519623200.0,建筑安装业,2017-05,2017,1.0
603929.SH,亚翔集成,2017-05-12,24.65,24.8,5538825600.0,建筑安装业,2017-05,2017,1.0
603929.SH,亚翔集成,2017-05-15,24.74,24.3,5425744800.0,建筑安装业,2017-05,2017,1.0
603929.SH,亚翔集成,2017-05-16,24.3,25.07,5598566400.0,建筑安装业,2017-05,2017,1.0
603929.SH,亚翔集成,2017-05-17,24.86,25.7,5739384000.0,建筑安装业,2017-05,2017,1.0
603929.SH,亚翔集成,2017-05-18,25.3,25.19,5626303200.0,建筑安装业,2017-05,2017,1.0
603929.SH,亚翔集成,2017-05-19,24.96,24.94,5568696000.0,建筑安装业,2017-05,2017,1.0
603929.SH,亚翔集成,2017-05-22,25.08,23.53,5255056800.0,建筑安装业,2017-05,2017,1.0
603929.SH,亚翔集成,2017-05-23,23.34,22.51,5026761600.0,建筑安装业,2017-05,2017,1.0
603929.SH,亚翔集成,2017-05-24,22.45,22.74,5077968000.0,建筑安装业,2017-05,2017,1.0
603929.SH,亚翔集成,2017-05-25,22.69,22.6,5048097600.0,建筑安装业,2017-05,2017,1.0
603929.SH,亚翔集成,2017-05-26,22.73,22.61,5050231200.0,建筑安装业,2017-05,2017,1.0
603929.SH,亚翔集成,2017-05-31,23.42,22.16,4947818400.0,建筑安装业,2017-05,2017,1.0
603929.SH,亚翔集成,2017-06-01,21.97,20.14,4497628800.0,建筑安装业,2017-06,2017,1.0
603929.SH,亚翔集成,2017-06-02,19.94,20.64,4608576000.0,建筑安装业,2017-06,2017,1.0
603929.SH,亚翔集成,2017-06-05,20.83,20.78,4640580000.0,建筑安装业,2017-06,2017,1.0
603929.SH,亚翔集成,2017-06-06,20.82,20.88,4664049600.0,建筑安装业,2017-06,2017,1.0
603929.SH,亚翔集成,2017-06-07,20.83,21.74,4856073600.0,建筑安装业,2017-06,2017,1.0
603929.SH,亚翔集成,2017-06-08,21.74,21.59,4821936000.0,建筑安装业,2017-06,2017,1.0
603929.SH,亚翔集成,2017-06-09,21.6,21.58,4819802400.0,建筑安装业,2017-06,2017,1.0
603929.SH,亚翔集成,2017-06-12,21.3,20.64,4608576000.0,建筑安装业,2017-06,2017,1.0
603929.SH,亚翔集成,2017-06-13,20.64,21.35,4768596000.0,建筑安装业,2017-06,2017,1.0
603929.SH,亚翔集成,2017-06-14,21.26,21.37,4772863200.0,建筑安装业,2017-06,2017,1.0
603929.SH,亚翔集成,2017-06-15,21.34,21.92,4860340800.0,建筑安装业,2017-06,2017,1.0
603929.SH,亚翔集成,2017-06-16,21.84,21.53,4772863200.0,建筑安装业,2017-06,2017,1.0
603929.SH,亚翔集成,2017-06-19,21.41,21.53,4772863200.0,建筑安装业,2017-06,2017,1.0
603929.SH,亚翔集成,2017-06-20,21.72,21.57,4783531200.0,建筑安装业,2017-06,2017,1.0
603929.SH,亚翔集成,2017-06-21,21.57,21.48,4762195200.0,建筑安装业,2017-06,2017,1.0
603929.SH,亚翔集成,2017-06-22,21.56,20.7,4589373600.0,建筑安装业,2017-06,2017,1.0
603929.SH,亚翔集成,2017-06-23,20.75,21.09,4676851200.0,建筑安装业,2017-06,2017,1.0
603929.SH,亚翔集成,2017-06-26,21.0,21.63,4796332800.0,建筑安装业,2017-06,2017,1.0
603929.SH,亚翔集成,2017-06-27,21.57,21.49,4764328800.0,建筑安装业,2017-06,2017,1.0
603929.SH,亚翔集成,2017-06-28,21.81,21.16,4691786400.0,建筑安装业,2017-06,2017,1.0
603929.SH,亚翔集成,2017-06-29,22.71,21.53,4772863200.0,建筑安装业,2017-06,2017,1.0
603929.SH,亚翔集成,2017-06-30,21.56,21.67,4804867200.0,建筑安装业,2017-06,2017,1.0
603929.SH,亚翔集成,2017-07-03,21.73,21.97,4871008800.0,建筑安装业,2017-07,2017,1.0
603929.SH,亚翔集成,2017-07-04,21.92,21.73,4817668800.0,建筑安装业,2017-07,2017,1.0
603929.SH,亚翔集成,2017-07-05,21.75,22.07,4894478400.0,建筑安装业,2017-07,2017,1.0
603929.SH,亚翔集成,2017-07-06,22.12,22.2,4922215200.0,建筑安装业,2017-07,2017,1.0
603929.SH,亚翔集成,2017-07-07,22.2,22.72,5037429600.0,建筑安装业,2017-07,2017,1.0
603929.SH,亚翔集成,2017-07-10,22.45,21.97,4871008800.0,建筑安装业,2017-07,2017,1.0
603929.SH,亚翔集成,2017-07-11,21.85,21.06,4670450400.0,建筑安装业,2017-07,2017,1.0
603929.SH,亚翔集成,2017-07-12,21.12,21.3,4721656800.0,建筑安装业,2017-07,2017,1.0
603929.SH,亚翔集成,2017-07-13,21.1,20.98,4651248000.0,建筑安装业,2017-07,2017,1.0
603929.SH,亚翔集成,2017-07-14,20.84,20.53,4550968800.0,建筑安装业,2017-07,2017,1.0
603929.SH,亚翔集成,2017-07-17,20.35,18.48,4096512000.0,建筑安装业,2017-07,2017,1.0
603929.SH,亚翔集成,2017-07-18,18.34,18.44,4087977600.0,建筑安装业,2017-07,2017,1.0
603929.SH,亚翔集成,2017-07-19,18.34,18.6,4124248800.0,建筑安装业,2017-07,2017,1.0
603929.SH,亚翔集成,2017-07-20,18.71,19.26,4271467200.0,建筑安装业,2017-07,2017,1.0
603929.SH,亚翔集成,2017-07-21,19.11,18.97,4205325600.0,建筑安装业,2017-07,2017,1.0
603929.SH,亚翔集成,2017-07-24,18.81,19.67,4361078400.0,建筑安装业,2017-07,2017,1.0
603929.SH,亚翔集成,2017-07-25,19.69,19.61,4348276800.0,建筑安装业,2017-07,2017,1.0
603929.SH,亚翔集成,2017-07-26,19.61,19.37,4294936800.0,建筑安装业,2017-07,2017,1.0
603929.SH,亚翔集成,2017-07-27,19.34,20.3,4501896000.0,建筑安装业,2017-07,2017,1.0
603929.SH,亚翔集成,2017-07-28,20.17,19.99,4431487200.0,建筑安装业,2017-07,2017,1.0
603929.SH,亚翔集成,2017-07-31,19.8,19.98,4429353600.0,建筑安装业,2017-07,2017,1.0
603929.SH,亚翔集成,2017-08-01,19.92,19.9,4412284800.0,建筑安装业,2017-08,2017,1.0
603929.SH,亚翔集成,2017-08-02,19.96,19.3,4280001600.0,建筑安装业,2017-08,2017,1.0
603929.SH,亚翔集成,2017-08-03,19.2,19.58,4341876000.0,建筑安装业,2017-08,2017,1.0
603929.SH,亚翔集成,2017-08-04,19.52,19.14,4243730400.0,建筑安装业,2017-08,2017,1.0
603929.SH,亚翔集成,2017-08-07,19.03,19.31,4282135200.0,建筑安装业,2017-08,2017,1.0
603929.SH,亚翔集成,2017-08-08,19.25,19.17,4250131200.0,建筑安装业,2017-08,2017,1.0
603929.SH,亚翔集成,2017-08-09,19.25,19.24,4265066400.0,建筑安装业,2017-08,2017,1.0
603929.SH,亚翔集成,2017-08-10,19.23,18.86,4181856000.0,建筑安装业,2017-08,2017,1.0
603929.SH,亚翔集成,2017-08-11,18.19,17.82,3951427200.0,建筑安装业,2017-08,2017,1.0
603929.SH,亚翔集成,2017-08-14,17.95,18.24,4045305600.0,建筑安装业,2017-08,2017,1.0
603929.SH,亚翔集成,2017-08-15,18.33,18.41,4081576800.0,建筑安装业,2017-08,2017,1.0
603929.SH,亚翔集成,2017-08-16,18.43,18.7,4145584800.0,建筑安装业,2017-08,2017,1.0
603929.SH,亚翔集成,2017-08-17,18.72,18.68,4141317600.0,建筑安装业,2017-08,2017,1.0
603929.SH,亚翔集成,2017-08-18,18.58,18.73,4151985600.0,建筑安装业,2017-08,2017,1.0
603929.SH,亚翔集成,2017-08-21,19.54,19.74,4376013600.0,建筑安装业,2017-08,2017,1.0
603929.SH,亚翔集成,2017-08-22,19.54,19.34,4288536000.0,建筑安装业,2017-08,2017,1.0
603929.SH,亚翔集成,2017-08-23,19.18,19.3,4280001600.0,建筑安装业,2017-08,2017,1.0
603929.SH,亚翔集成,2017-08-24,19.2,18.93,4196791200.0,建筑安装业,2017-08,2017,1.0
603929.SH,亚翔集成,2017-08-25,18.9,19.54,4333341600.0,建筑安装业,2017-08,2017,1.0
603929.SH,亚翔集成,2017-08-28,19.71,20.23,4484827200.0,建筑安装业,2017-08,2017,1.0
603929.SH,亚翔集成,2017-08-29,20.21,21.0,4655515200.0,建筑安装业,2017-08,2017,1.0
603929.SH,亚翔集成,2017-08-30,20.74,20.87,4627778400.0,建筑安装业,2017-08,2017,1.0
603929.SH,亚翔集成,2017-08-31,20.75,21.6,4789932000.0,建筑安装业,2017-08,2017,1.0
603929.SH,亚翔集成,2017-09-01,21.56,21.33,4730191200.0,建筑安装业,2017-09,2017,1.0
603929.SH,亚翔集成,2017-09-04,21.38,21.16,4691786400.0,建筑安装业,2017-09,2017,1.0
603929.SH,亚翔集成,2017-09-05,21.17,21.21,4702454400.0,建筑安装业,2017-09,2017,1.0
603929.SH,亚翔集成,2017-09-06,21.1,20.92,4638446400.0,建筑安装业,2017-09,2017,1.0
603929.SH,亚翔集成,2017-09-07,21.05,20.72,4593640800.0,建筑安装业,2017-09,2017,1.0
603929.SH,亚翔集成,2017-09-08,20.82,20.72,4593640800.0,建筑安装业,2017-09,2017,1.0
603929.SH,亚翔集成,2017-09-11,20.79,21.25,4710988800.0,建筑安装业,2017-09,2017,1.0
603929.SH,亚翔集成,2017-09-12,21.26,20.74,4597908000.0,建筑安装业,2017-09,2017,1.0
603929.SH,亚翔集成,2017-09-13,20.75,21.05,4666183200.0,建筑安装业,2017-09,2017,1.0
603929.SH,亚翔集成,2017-09-14,21.05,20.72,4593640800.0,建筑安装业,2017-09,2017,1.0
603929.SH,亚翔集成,2017-09-15,20.69,20.6,4568037600.0,建筑安装业,2017-09,2017,1.0
603929.SH,亚翔集成,2017-09-18,20.74,21.21,4702454400.0,建筑安装业,2017-09,2017,1.0
603929.SH,亚翔集成,2017-09-19,21.21,21.2,4700320800.0,建筑安装业,2017-09,2017,1.0
603929.SH,亚翔集成,2017-09-20,21.26,23.32,5169712800.0,建筑安装业,2017-09,2017,1.0
603929.SH,亚翔集成,2017-09-21,24.06,24.76,5489752800.0,建筑安装业,2017-09,2017,1.0
603929.SH,亚翔集成,2017-09-22,24.58,25.54,5662574400.0,建筑安装业,2017-09,2017,1.0
603929.SH,亚翔集成,2017-09-25,24.9,23.68,5250789600.0,建筑安装业,2017-09,2017,1.0
603929.SH,亚翔集成,2017-09-26,23.72,24.06,5334000000.0,建筑安装业,2017-09,2017,1.0
603929.SH,亚翔集成,2017-09-27,23.8,24.06,5334000000.0,建筑安装业,2017-09,2017,1.0
603929.SH,亚翔集成,2017-09-28,24.06,24.22,5370271200.0,建筑安装业,2017-09,2017,1.0
603929.SH,亚翔集成,2017-09-29,23.63,24.06,5334000000.0,建筑安装业,2017-09,2017,1.0
603929.SH,亚翔集成,2017-10-09,24.41,25.52,5658307200.0,建筑安装业,2017-10,2017,1.0
603929.SH,亚翔集成,2017-10-10,25.22,26.93,5971946400.0,建筑安装业,2017-10,2017,1.0
603929.SH,亚翔集成,2017-10-11,27.17,27.81,6166104000.0,建筑安装业,2017-10,2017,1.0
603929.SH,亚翔集成,2017-10-12,27.33,27.67,6134100000.0,建筑安装业,2017-10,2017,1.0
603929.SH,亚翔集成,2017-10-13,27.39,28.45,6309055200.0,建筑安装业,2017-10,2017,1.0
603929.SH,亚翔集成,2017-10-16,28.47,26.81,5944209600.0,建筑安装业,2017-10,2017,1.0
603929.SH,亚翔集成,2017-10-17,26.94,27.08,6003950400.0,建筑安装业,2017-10,2017,1.0
603929.SH,亚翔集成,2017-10-18,26.81,27.68,6136233600.0,建筑安装业,2017-10,2017,1.0
603929.SH,亚翔集成,2017-10-19,27.52,27.23,6038088000.0,建筑安装业,2017-10,2017,1.0
603929.SH,亚翔集成,2017-10-20,27.09,26.98,5982614400.0,建筑安装业,2017-10,2017,1.0
603929.SH,亚翔集成,2017-10-23,27.03,27.01,5989015200.0,建筑安装业,2017-10,2017,1.0
603929.SH,亚翔集成,2017-10-24,26.47,26.21,5811926400.0,建筑安装业,2017-10,2017,1.0
603929.SH,亚翔集成,2017-10-25,26.15,25.91,5745784800.0,建筑安装业,2017-10,2017,1.0
603929.SH,亚翔集成,2017-10-26,25.84,26.47,5869533600.0,建筑安装业,2017-10,2017,1.0
603929.SH,亚翔集成,2017-10-27,26.17,26.37,5846064000.0,建筑安装业,2017-10,2017,1.0
603929.SH,亚翔集成,2017-10-30,26.08,27.65,6129832800.0,建筑安装业,2017-10,2017,1.0
603929.SH,亚翔集成,2017-10-31,27.54,28.32,6279184800.0,建筑安装业,2017-10,2017,1.0
603929.SH,亚翔集成,2017-11-01,28.61,29.38,6513880800.0,建筑安装业,2017-11,2017,1.0
603929.SH,亚翔集成,2017-11-02,29.23,27.48,6093561600.0,建筑安装业,2017-11,2017,1.0
603929.SH,亚翔集成,2017-11-03,29.15,30.23,6703771200.0,建筑安装业,2017-11,2017,1.0
603929.SH,亚翔集成,2017-11-06,32.41,31.82,7055815200.0,建筑安装业,2017-11,2017,1.0
603929.SH,亚翔集成,2017-11-07,31.59,31.38,6957669600.0,建筑安装业,2017-11,2017,1.0
603929.SH,亚翔集成,2017-11-08,31.08,31.11,6897928800.0,建筑安装业,2017-11,2017,1.0
603929.SH,亚翔集成,2017-11-09,30.67,32.53,7213701600.0,建筑安装业,2017-11,2017,1.0
603929.SH,亚翔集成,2017-11-10,32.13,33.17,7354519200.0,建筑安装业,2017-11,2017,1.0
603929.SH,亚翔集成,2017-11-13,33.68,34.6,7672425600.0,建筑安装业,2017-11,2017,1.0
603929.SH,亚翔集成,2017-11-14,34.67,33.54,7435596000.0,建筑安装业,2017-11,2017,1.0
603929.SH,亚翔集成,2017-11-15,33.63,32.32,7166762400.0,建筑安装业,2017-11,2017,1.0
603929.SH,亚翔集成,2017-11-16,32.23,32.27,7156094400.0,建筑安装业,2017-11,2017,1.0
603929.SH,亚翔集成,2017-11-17,31.9,29.48,6537350400.0,建筑安装业,2017-11,2017,1.0
603929.SH,亚翔集成,2017-11-20,29.39,31.45,6972604800.0,建筑安装业,2017-11,2017,1.0
603929.SH,亚翔集成,2017-11-21,31.73,30.78,6825386400.0,建筑安装业,2017-11,2017,1.0
603929.SH,亚翔集成,2017-11-22,31.22,29.64,6571488000.0,建筑安装业,2017-11,2017,1.0
603929.SH,亚翔集成,2017-11-23,29.67,28.13,6236512800.0,建筑安装业,2017-11,2017,1.0
603929.SH,亚翔集成,2017-11-24,28.77,27.34,6061557600.0,建筑安装业,2017-11,2017,1.0
603929.SH,亚翔集成,2017-11-27,27.07,26.31,5833262400.0,建筑安装业,2017-11,2017,1.0
603929.SH,亚翔集成,2017-11-28,26.46,27.28,6048756000.0,建筑安装业,2017-11,2017,1.0
603929.SH,亚翔集成,2017-11-29,27.18,25.7,5698845600.0,建筑安装业,2017-11,2017,1.0
603929.SH,亚翔集成,2017-11-30,26.48,26.12,5790590400.0,建筑安装业,2017-11,2017,1.0
603929.SH,亚翔集成,2017-12-01,26.17,27.13,6014618400.0,建筑安装业,2017-12,2017,1.0
603929.SH,亚翔集成,2017-12-04,27.31,25.8,5720181600.0,建筑安装业,2017-12,2017,1.0
603929.SH,亚翔集成,2017-12-05,26.13,25.81,5722315200.0,建筑安装业,2017-12,2017,1.0
603929.SH,亚翔集成,2017-12-06,25.52,26.68,5916472800.0,建筑安装业,2017-12,2017,1.0
603929.SH,亚翔集成,2017-12-07,26.88,26.96,5978347200.0,建筑安装业,2017-12,2017,1.0
603929.SH,亚翔集成,2017-12-08,26.64,27.4,6074359200.0,建筑安装业,2017-12,2017,1.0
603929.SH,亚翔集成,2017-12-11,27.16,27.73,6149035200.0,建筑安装业,2017-12,2017,1.0
603929.SH,亚翔集成,2017-12-12,27.5,27.14,6016752000.0,建筑安装业,2017-12,2017,1.0
603929.SH,亚翔集成,2017-12-13,26.94,26.26,5822594400.0,建筑安装业,2017-12,2017,1.0
603929.SH,亚翔集成,2017-12-14,26.02,25.66,5690311200.0,建筑安装业,2017-12,2017,1.0
603929.SH,亚翔集成,2017-12-15,25.65,25.28,5604967200.0,建筑安装业,2017-12,2017,1.0
603929.SH,亚翔集成,2017-12-18,25.35,25.69,5696712000.0,建筑安装业,2017-12,2017,1.0
603929.SH,亚翔集成,2017-12-19,25.79,25.74,5707380000.0,建筑安装业,2017-12,2017,1.0
603929.SH,亚翔集成,2017-12-20,25.62,26.14,5794857600.0,建筑安装业,2017-12,2017,1.0
603929.SH,亚翔集成,2017-12-21,25.6,26.13,5792724000.0,建筑安装业,2017-12,2017,1.0
603929.SH,亚翔集成,2017-12-22,25.89,26.56,5888736000.0,建筑安装业,2017-12,2017,1.0
603929.SH,亚翔集成,2017-12-25,26.56,23.91,5301996000.0,建筑安装业,2017-12,2017,1.0
603929.SH,亚翔集成,2017-12-26,23.48,23.92,5304129600.0,建筑安装业,2017-12,2017,1.0
603929.SH,亚翔集成,2017-12-27,23.63,22.16,4913680800.0,建筑安装业,2017-12,2017,1.0
603929.SH,亚翔集成,2017-12-28,22.61,22.81,5056632000.0,建筑安装业,2017-12,2017,1.0
603929.SH,亚翔集成,2017-12-29,22.92,25.09,5562295200.0,建筑安装业,2017-12,2017,1.0
603929.SH,亚翔集成,2018-01-02,24.98,26.63,5903671200.0,建筑安装业,2018-01,2018,1.0
603929.SH,亚翔集成,2018-01-03,26.98,26.9,5963412000.0,建筑安装业,2018-01,2018,1.0
603929.SH,亚翔集成,2018-01-04,26.58,27.0,5986881600.0,建筑安装业,2018-01,2018,1.0
603929.SH,亚翔集成,2018-01-05,27.0,27.28,6048756000.0,建筑安装业,2018-01,2018,1.0
603929.SH,亚翔集成,2018-01-08,26.81,26.73,5927140800.0,建筑安装业,2018-01,2018,1.0
603929.SH,亚翔集成,2018-01-09,27.17,26.4,5852464800.0,建筑安装业,2018-01,2018,1.0
603929.SH,亚翔集成,2018-01-10,26.38,25.83,5726582400.0,建筑安装业,2018-01,2018,1.0
603929.SH,亚翔集成,2018-01-11,25.65,25.99,5762853600.0,建筑安装业,2018-01,2018,1.0
603929.SH,亚翔集成,2018-01-12,25.98,24.7,5476951200.0,建筑安装业,2018-01,2018,1.0
603929.SH,亚翔集成,2018-01-15,24.58,22.99,5097170400.0,建筑安装业,2018-01,2018,1.0
603929.SH,亚翔集成,2018-01-16,22.81,23.04,5107838400.0,建筑安装业,2018-01,2018,1.0
603929.SH,亚翔集成,2018-01-17,23.09,23.63,5240121600.0,建筑安装业,2018-01,2018,1.0
603929.SH,亚翔集成,2018-01-18,23.27,23.71,5257190400.0,建筑安装业,2018-01,2018,1.0
603929.SH,亚翔集成,2018-01-19,23.48,23.09,5120640000.0,建筑安装业,2018-01,2018,1.0
603929.SH,亚翔集成,2018-01-22,23.09,24.09,5340400800.0,建筑安装业,2018-01,2018,1.0
603929.SH,亚翔集成,2018-01-23,23.87,23.71,5257190400.0,建筑安装业,2018-01,2018,1.0
603929.SH,亚翔集成,2018-01-24,23.7,23.72,5259324000.0,建筑安装业,2018-01,2018,1.0
603929.SH,亚翔集成,2018-01-25,23.65,23.73,5261457600.0,建筑安装业,2018-01,2018,1.0
603929.SH,亚翔集成,2018-01-26,23.77,22.71,5035296000.0,建筑安装业,2018-01,2018,1.0
603929.SH,亚翔集成,2018-01-29,22.95,22.01,4879543200.0,建筑安装业,2018-01,2018,1.0
603929.SH,亚翔集成,2018-01-30,22.03,22.15,4911547200.0,建筑安装业,2018-01,2018,1.0
603929.SH,亚翔集成,2018-01-31,22.18,21.19,4698187200.0,建筑安装业,2018-01,2018,1.0
603929.SH,亚翔集成,2018-02-01,21.05,20.38,4518964800.0,建筑安装业,2018-02,2018,1.0
603929.SH,亚翔集成,2018-02-02,20.38,20.8,4612843200.0,建筑安装业,2018-02,2018,1.0
603929.SH,亚翔集成,2018-02-05,20.69,19.87,4405884000.0,建筑安装业,2018-02,2018,1.0
603929.SH,亚翔集成,2018-02-06,19.25,18.38,4075176000.0,建筑安装业,2018-02,2018,1.0
603929.SH,亚翔集成,2018-02-07,19.04,19.01,4215993600.0,建筑安装业,2018-02,2018,1.0
603929.SH,亚翔集成,2018-02-08,19.18,20.06,4448556000.0,建筑安装业,2018-02,2018,1.0
603929.SH,亚翔集成,2018-02-09,19.32,19.17,4250131200.0,建筑安装业,2018-02,2018,1.0
603929.SH,亚翔集成,2018-02-12,19.33,20.33,4508296800.0,建筑安装业,2018-02,2018,1.0
603929.SH,亚翔集成,2018-02-13,20.44,20.32,4506163200.0,建筑安装业,2018-02,2018,1.0
603929.SH,亚翔集成,2018-02-14,20.4,19.7,4367479200.0,建筑安装业,2018-02,2018,1.0
603929.SH,亚翔集成,2018-02-22,19.99,20.44,4531766400.0,建筑安装业,2018-02,2018,1.0
603929.SH,亚翔集成,2018-02-23,20.54,20.5,4544568000.0,建筑安装业,2018-02,2018,1.0
603929.SH,亚翔集成,2018-02-26,20.5,21.7,4811268000.0,建筑安装业,2018-02,2018,1.0
603929.SH,亚翔集成,2018-02-27,21.78,22.21,4924348800.0,建筑安装业,2018-02,2018,1.0
603929.SH,亚翔集成,2018-02-28,21.75,22.38,4962753600.0,建筑安装业,2018-02,2018,1.0
603929.SH,亚翔集成,2018-03-01,22.29,22.72,5037429600.0,建筑安装业,2018-03,2018,1.0
603929.SH,亚翔集成,2018-03-02,22.38,21.99,4875276000.0,建筑安装业,2018-03,2018,1.0
603929.SH,亚翔集成,2018-03-05,22.16,22.39,4964887200.0,建筑安装业,2018-03,2018,1.0
603929.SH,亚翔集成,2018-03-06,22.37,22.75,5043830400.0,建筑安装业,2018-03,2018,1.0
603929.SH,亚翔集成,2018-03-07,22.61,22.31,4945684800.0,建筑安装业,2018-03,2018,1.0
603929.SH,亚翔集成,2018-03-08,22.22,22.49,4986223200.0,建筑安装业,2018-03,2018,1.0
603929.SH,亚翔集成,2018-03-09,22.3,23.16,5135575200.0,建筑安装业,2018-03,2018,1.0
603929.SH,亚翔集成,2018-03-12,23.58,23.17,5137708800.0,建筑安装业,2018-03,2018,1.0
603929.SH,亚翔集成,2018-03-13,23.04,22.58,5005425600.0,建筑安装业,2018-03,2018,1.0
603929.SH,亚翔集成,2018-03-14,22.33,22.14,4909413600.0,建筑安装业,2018-03,2018,1.0
603929.SH,亚翔集成,2018-03-15,22.31,22.07,4892344800.0,建筑安装业,2018-03,2018,1.0
603929.SH,亚翔集成,2018-03-16,21.89,21.86,4847539200.0,建筑安装业,2018-03,2018,1.0
603929.SH,亚翔集成,2018-03-19,21.86,22.23,4928616000.0,建筑安装业,2018-03,2018,1.0
603929.SH,亚翔集成,2018-03-20,24.45,24.45,5421477600.0,建筑安装业,2018-03,2018,1.0
603929.SH,亚翔集成,2018-03-21,25.41,24.72,5481218400.0,建筑安装业,2018-03,2018,1.0
603929.SH,亚翔集成,2018-03-22,23.86,23.54,5218785600.0,建筑安装业,2018-03,2018,1.0
603929.SH,亚翔集成,2018-03-23,22.33,21.18,4696053600.0,建筑安装业,2018-03,2018,1.0
603929.SH,亚翔集成,2018-03-26,20.3,21.7,4811268000.0,建筑安装业,2018-03,2018,1.0
603929.SH,亚翔集成,2018-03-27,21.85,22.63,5018227200.0,建筑安装业,2018-03,2018,1.0
603929.SH,亚翔集成,2018-03-28,22.13,22.29,4941417600.0,建筑安装业,2018-03,2018,1.0
603929.SH,亚翔集成,2018-03-29,22.11,21.97,4871008800.0,建筑安装业,2018-03,2018,1.0
603929.SH,亚翔集成,2018-03-30,21.89,24.16,5357469600.0,建筑安装业,2018-03,2018,1.0
603929.SH,亚翔集成,2018-04-02,24.89,25.67,5692444800.0,建筑安装业,2018-04,2018,1.0
603929.SH,亚翔集成,2018-04-03,25.01,24.84,5506821600.0,建筑安装业,2018-04,2018,1.0
603929.SH,亚翔集成,2018-04-04,24.73,23.78,5272125600.0,建筑安装业,2018-04,2018,1.0
603929.SH,亚翔集成,2018-04-09,23.99,24.0,5321198400.0,建筑安装业,2018-04,2018,1.0
603929.SH,亚翔集成,2018-04-10,23.97,24.81,5500420800.0,建筑安装业,2018-04,2018,1.0
603929.SH,亚翔集成,2018-04-11,24.83,24.48,5427878400.0,建筑安装业,2018-04,2018,1.0
603929.SH,亚翔集成,2018-04-12,24.35,24.77,5491886400.0,建筑安装业,2018-04,2018,1.0
603929.SH,亚翔集成,2018-04-13,24.9,25.4,5632704000.0,建筑安装业,2018-04,2018,1.0
603929.SH,亚翔集成,2018-04-16,24.18,24.05,5331866400.0,建筑安装业,2018-04,2018,1.0
603929.SH,亚翔集成,2018-04-17,24.14,21.76,4824069600.0,建筑安装业,2018-04,2018,1.0
603929.SH,亚翔集成,2018-04-18,22.13,23.29,5163312000.0,建筑安装业,2018-04,2018,1.0
603929.SH,亚翔集成,2018-04-19,22.88,23.18,5139842400.0,建筑安装业,2018-04,2018,1.0
603929.SH,亚翔集成,2018-04-20,23.24,25.5,5654040000.0,建筑安装业,2018-04,2018,1.0
603929.SH,亚翔集成,2018-04-23,25.99,26.23,5816193600.0,建筑安装业,2018-04,2018,1.0
603929.SH,亚翔集成,2018-04-24,26.03,27.45,6087160800.0,建筑安装业,2018-04,2018,1.0
603929.SH,亚翔集成,2018-04-25,26.94,26.38,5848197600.0,建筑安装业,2018-04,2018,1.0
603929.SH,亚翔集成,2018-04-26,26.37,26.41,5856732000.0,建筑安装业,2018-04,2018,1.0
603929.SH,亚翔集成,2018-04-27,26.84,25.63,5681776800.0,建筑安装业,2018-04,2018,1.0
603929.SH,亚翔集成,2018-05-02,25.68,26.27,5824728000.0,建筑安装业,2018-05,2018,1.0
603929.SH,亚翔集成,2018-05-03,25.89,26.81,5944209600.0,建筑安装业,2018-05,2018,1.0
603929.SH,亚翔集成,2018-05-04,26.47,26.22,5814060000.0,建筑安装业,2018-05,2018,1.0
603929.SH,亚翔集成,2018-05-07,26.52,26.86,5954877600.0,建筑安装业,2018-05,2018,1.0
603929.SH,亚翔集成,2018-05-08,26.46,26.1,5786323200.0,建筑安装业,2018-05,2018,1.0
603929.SH,亚翔集成,2018-05-09,25.89,26.14,5794857600.0,建筑安装业,2018-05,2018,1.0
603929.SH,亚翔集成,2018-05-10,25.98,25.59,5673242400.0,建筑安装业,2018-05,2018,1.0
603929.SH,亚翔集成,2018-05-11,25.58,24.93,5528157600.0,建筑安装业,2018-05,2018,1.0
603929.SH,亚翔集成,2018-05-14,24.9,24.83,5504688000.0,建筑安装业,2018-05,2018,1.0
603929.SH,亚翔集成,2018-05-15,24.73,25.05,5553760800.0,建筑安装业,2018-05,2018,1.0
603929.SH,亚翔集成,2018-05-16,24.88,24.65,5466283200.0,建筑安装业,2018-05,2018,1.0
603929.SH,亚翔集成,2018-05-17,24.81,25.13,5570829600.0,建筑安装业,2018-05,2018,1.0
603929.SH,亚翔集成,2018-05-18,25.37,24.77,5491886400.0,建筑安装业,2018-05,2018,1.0
603929.SH,亚翔集成,2018-05-21,24.22,24.98,5538825600.0,建筑安装业,2018-05,2018,1.0
603929.SH,亚翔集成,2018-05-22,24.8,25.15,5577230400.0,建筑安装业,2018-05,2018,1.0
603929.SH,亚翔集成,2018-05-23,25.07,25.72,5703112800.0,建筑安装业,2018-05,2018,1.0
603929.SH,亚翔集成,2018-05-24,25.52,25.31,5611368000.0,建筑安装业,2018-05,2018,1.0
603929.SH,亚翔集成,2018-05-25,25.3,25.79,5718048000.0,建筑安装业,2018-05,2018,1.0
603929.SH,亚翔集成,2018-05-28,25.79,26.17,5803392000.0,建筑安装业,2018-05,2018,1.0
603929.SH,亚翔集成,2018-05-29,25.97,25.36,5622036000.0,建筑安装业,2018-05,2018,1.0
603929.SH,亚翔集成,2018-05-30,24.43,22.83,5063032800.0,建筑安装业,2018-05,2018,1.0
603929.SH,亚翔集成,2018-05-31,23.11,22.44,4975555200.0,建筑安装业,2018-05,2018,1.0
603929.SH,亚翔集成,2018-06-01,22.13,21.51,4768596000.0,建筑安装业,2018-06,2018,1.0
603929.SH,亚翔集成,2018-06-04,21.83,21.67,4804867200.0,建筑安装业,2018-06,2018,1.0
603929.SH,亚翔集成,2018-06-05,21.79,22.38,4962753600.0,建筑安装业,2018-06,2018,1.0
603929.SH,亚翔集成,2018-06-06,22.23,22.4,4967020800.0,建筑安装业,2018-06,2018,1.0
603929.SH,亚翔集成,2018-06-07,22.48,21.88,4851806400.0,建筑安装业,2018-06,2018,1.0
603929.SH,亚翔集成,2018-06-08,21.68,21.54,4774996800.0,建筑安装业,2018-06,2018,1.0
603929.SH,亚翔集成,2018-06-11,21.56,20.77,4604308800.0,建筑安装业,2018-06,2018,1.0
603929.SH,亚翔集成,2018-06-12,20.74,21.14,4687519200.0,建筑安装业,2018-06,2018,1.0
603929.SH,亚翔集成,2018-06-13,21.11,20.9,4634179200.0,建筑安装业,2018-06,2018,1.0
603929.SH,亚翔集成,2018-06-14,20.89,20.95,4644847200.0,建筑安装业,2018-06,2018,1.0
603929.SH,亚翔集成,2018-06-15,21.15,19.95,4422952800.0,建筑安装业,2018-06,2018,1.0
603929.SH,亚翔集成,2018-06-19,19.35,18.67,4139184000.0,建筑安装业,2018-06,2018,1.0
603929.SH,亚翔集成,2018-06-20,18.83,19.01,4171188000.0,建筑安装业,2018-06,2018,1.0
603929.SH,亚翔集成,2018-06-21,19.06,17.85,3917289600.0,建筑安装业,2018-06,2018,1.0
603929.SH,亚翔集成,2018-06-22,17.67,18.28,4011168000.0,建筑安装业,2018-06,2018,1.0
603929.SH,亚翔集成,2018-06-25,18.43,18.15,3983431200.0,建筑安装业,2018-06,2018,1.0
603929.SH,亚翔集成,2018-06-26,17.88,18.74,4111447200.0,建筑安装业,2018-06,2018,1.0
603929.SH,亚翔集成,2018-06-27,18.67,18.51,4062374400.0,建筑安装业,2018-06,2018,1.0
603929.SH,亚翔集成,2018-06-28,18.45,18.12,3977030400.0,建筑安装业,2018-06,2018,1.0
603929.SH,亚翔集成,2018-06-29,18.14,19.43,4262932800.0,建筑安装业,2018-06,2018,1.0
603929.SH,亚翔集成,2018-07-02,19.25,19.31,4237329600.0,建筑安装业,2018-07,2018,1.0
603929.SH,亚翔集成,2018-07-03,19.11,19.94,4376013600.0,建筑安装业,2018-07,2018,1.0
603929.SH,亚翔集成,2018-07-04,20.52,19.76,4335475200.0,建筑安装业,2018-07,2018,1.0
603929.SH,亚翔集成,2018-07-05,20.4,19.4,4256532000.0,建筑安装业,2018-07,2018,1.0
603929.SH,亚翔集成,2018-07-06,18.67,19.11,4192524000.0,建筑安装业,2018-07,2018,1.0
603929.SH,亚翔集成,2018-07-09,17.99,18.81,4128516000.0,建筑安装业,2018-07,2018,1.0
603929.SH,亚翔集成,2018-07-10,18.63,19.2,4213860000.0,建筑安装业,2018-07,2018,1.0
603929.SH,亚翔集成,2018-07-11,18.7,18.57,4075176000.0,建筑安装业,2018-07,2018,1.0
603929.SH,亚翔集成,2018-07-12,18.57,20.43,4482693600.0,建筑安装业,2018-07,2018,1.0
603929.SH,亚翔集成,2018-07-13,20.81,20.07,4403750400.0,建筑安装业,2018-07,2018,1.0
603929.SH,亚翔集成,2018-07-16,20.36,20.38,4472025600.0,建筑安装业,2018-07,2018,1.0
603929.SH,亚翔集成,2018-07-17,20.86,21.53,4723790400.0,建筑安装业,2018-07,2018,1.0
603929.SH,亚翔集成,2018-07-18,21.2,20.97,4602175200.0,建筑安装业,2018-07,2018,1.0
603929.SH,亚翔集成,2018-07-19,20.7,20.42,4480560000.0,建筑安装业,2018-07,2018,1.0
603929.SH,亚翔集成,2018-07-20,20.45,20.51,4499762400.0,建筑安装业,2018-07,2018,1.0
603929.SH,亚翔集成,2018-07-23,20.63,21.02,4612843200.0,建筑安装业,2018-07,2018,1.0
603929.SH,亚翔集成,2018-07-24,21.02,21.03,4614976800.0,建筑安装业,2018-07,2018,1.0
603929.SH,亚翔集成,2018-07-25,21.04,21.39,4693920000.0,建筑安装业,2018-07,2018,1.0
603929.SH,亚翔集成,2018-07-26,21.39,20.63,4527499200.0,建筑安装业,2018-07,2018,1.0
603929.SH,亚翔集成,2018-07-27,20.37,20.39,4474159200.0,建筑安装业,2018-07,2018,1.0
603929.SH,亚翔集成,2018-07-30,20.35,19.91,4369612800.0,建筑安装业,2018-07,2018,1.0
603929.SH,亚翔集成,2018-07-31,19.91,19.89,4365345600.0,建筑安装业,2018-07,2018,1.0
603929.SH,亚翔集成,2018-08-01,19.93,19.45,4267200000.0,建筑安装业,2018-08,2018,1.0
603929.SH,亚翔集成,2018-08-02,19.33,18.78,4119981600.0,建筑安装业,2018-08,2018,1.0
603929.SH,亚翔集成,2018-08-03,18.77,18.2,3994099200.0,建筑安装业,2018-08,2018,1.0
603929.SH,亚翔集成,2018-08-06,18.34,18.19,3991965600.0,建筑安装业,2018-08,2018,1.0
603929.SH,亚翔集成,2018-08-07,18.3,19.09,4188256800.0,建筑安装业,2018-08,2018,1.0
603929.SH,亚翔集成,2018-08-08,19.15,18.42,4041038400.0,建筑安装业,2018-08,2018,1.0
603929.SH,亚翔集成,2018-08-09,18.42,20.25,4444288800.0,建筑安装业,2018-08,2018,1.0
603929.SH,亚翔集成,2018-08-10,20.12,20.25,4444288800.0,建筑安装业,2018-08,2018,1.0
603929.SH,亚翔集成,2018-08-13,19.94,20.81,4565904000.0,建筑安装业,2018-08,2018,1.0
603929.SH,亚翔集成,2018-08-14,20.61,20.38,4472025600.0,建筑安装业,2018-08,2018,1.0
603929.SH,亚翔集成,2018-08-15,20.55,20.44,4484827200.0,建筑安装业,2018-08,2018,1.0
603929.SH,亚翔集成,2018-08-16,19.94,20.59,4518964800.0,建筑安装业,2018-08,2018,1.0
603929.SH,亚翔集成,2018-08-17,20.86,19.44,4265066400.0,建筑安装业,2018-08,2018,1.0
603929.SH,亚翔集成,2018-08-20,19.31,21.38,4691786400.0,建筑安装业,2018-08,2018,1.0
603929.SH,亚翔集成,2018-08-21,21.32,21.77,4777130400.0,建筑安装业,2018-08,2018,1.0
603929.SH,亚翔集成,2018-08-22,21.53,21.61,4742992800.0,建筑安装业,2018-08,2018,1.0
603929.SH,亚翔集成,2018-08-23,21.45,21.78,4779264000.0,建筑安装业,2018-08,2018,1.0
603929.SH,亚翔集成,2018-08-24,21.59,21.58,4734458400.0,建筑安装业,2018-08,2018,1.0
603929.SH,亚翔集成,2018-08-27,21.32,21.87,4798466400.0,建筑安装业,2018-08,2018,1.0
603929.SH,亚翔集成,2018-08-28,21.78,22.16,4862474400.0,建筑安装业,2018-08,2018,1.0
603929.SH,亚翔集成,2018-08-29,21.97,21.73,4768596000.0,建筑安装业,2018-08,2018,1.0
603929.SH,亚翔集成,2018-08-30,21.59,21.24,4659782400.0,建筑安装业,2018-08,2018,1.0
603929.SH,亚翔集成,2018-08-31,21.1,20.83,4570171200.0,建筑安装业,2018-08,2018,1.0
603929.SH,亚翔集成,2018-09-03,21.39,21.37,4689652800.0,建筑安装业,2018-09,2018,1.0
603929.SH,亚翔集成,2018-09-04,21.24,21.89,4802733600.0,建筑安装业,2018-09,2018,1.0
603929.SH,亚翔集成,2018-09-05,21.68,20.9,4587240000.0,建筑安装业,2018-09,2018,1.0
603929.SH,亚翔集成,2018-09-06,20.76,21.39,4693920000.0,建筑安装业,2018-09,2018,1.0
603929.SH,亚翔集成,2018-09-07,21.39,21.16,4642713600.0,建筑安装业,2018-09,2018,1.0
603929.SH,亚翔集成,2018-09-10,20.81,20.33,4461357600.0,建筑安装业,2018-09,2018,1.0
603929.SH,亚翔集成,2018-09-11,20.19,20.49,4495495200.0,建筑安装业,2018-09,2018,1.0
603929.SH,亚翔集成,2018-09-12,20.48,20.37,4469892000.0,建筑安装业,2018-09,2018,1.0
603929.SH,亚翔集成,2018-09-13,20.6,20.77,4557369600.0,建筑安装业,2018-09,2018,1.0
603929.SH,亚翔集成,2018-09-14,20.7,19.9,4367479200.0,建筑安装业,2018-09,2018,1.0
603929.SH,亚翔集成,2018-09-17,19.7,19.75,4333341600.0,建筑安装业,2018-09,2018,1.0
603929.SH,亚翔集成,2018-09-18,19.62,20.05,4399483200.0,建筑安装业,2018-09,2018,1.0
603929.SH,亚翔集成,2018-09-19,19.84,20.31,4457090400.0,建筑安装业,2018-09,2018,1.0
603929.SH,亚翔集成,2018-09-20,20.11,19.66,4314139200.0,建筑安装业,2018-09,2018,1.0
603929.SH,亚翔集成,2018-09-21,19.83,20.04,4397349600.0,建筑安装业,2018-09,2018,1.0
603929.SH,亚翔集成,2018-09-25,19.88,19.91,4369612800.0,建筑安装业,2018-09,2018,1.0
603929.SH,亚翔集成,2018-09-26,19.91,20.11,4412284800.0,建筑安装业,2018-09,2018,1.0
603929.SH,亚翔集成,2018-09-27,20.08,19.45,4267200000.0,建筑安装业,2018-09,2018,1.0
603929.SH,亚翔集成,2018-09-28,19.45,19.54,4288536000.0,建筑安装业,2018-09,2018,1.0
603929.SH,亚翔集成,2018-10-08,18.96,18.38,4032504000.0,建筑安装业,2018-10,2018,1.0
603929.SH,亚翔集成,2018-10-09,18.39,18.1,3972763200.0,建筑安装业,2018-10,2018,1.0
603929.SH,亚翔集成,2018-10-10,18.05,18.31,4017568800.0,建筑安装业,2018-10,2018,1.0
603929.SH,亚翔集成,2018-10-11,17.5,16.48,3616452000.0,建筑安装业,2018-10,2018,1.0
603929.SH,亚翔集成,2018-10-12,16.34,16.49,3618585600.0,建筑安装业,2018-10,2018,1.0
603929.SH,亚翔集成,2018-10-15,16.58,16.11,3535375200.0,建筑安装业,2018-10,2018,1.0
603929.SH,亚翔集成,2018-10-16,16.2,16.26,3567379200.0,建筑安装业,2018-10,2018,1.0
603929.SH,亚翔集成,2018-10-17,16.53,16.52,3624986400.0,建筑安装业,2018-10,2018,1.0
603929.SH,亚翔集成,2018-10-18,16.2,15.63,3430828800.0,建筑安装业,2018-10,2018,1.0
603929.SH,亚翔集成,2018-10-19,15.27,15.97,3505504800.0,建筑安装业,2018-10,2018,1.0
603929.SH,亚翔集成,2018-10-22,16.09,16.65,3652723200.0,建筑安装业,2018-10,2018,1.0
603929.SH,亚翔集成,2018-10-23,16.61,15.93,3494836800.0,建筑安装业,2018-10,2018,1.0
603929.SH,亚翔集成,2018-10-24,15.82,16.08,3528974400.0,建筑安装业,2018-10,2018,1.0
603929.SH,亚翔集成,2018-10-25,15.39,15.34,3366820800.0,建筑安装业,2018-10,2018,1.0
603929.SH,亚翔集成,2018-10-26,15.65,15.56,3413760000.0,建筑安装业,2018-10,2018,1.0
603929.SH,亚翔集成,2018-10-29,15.59,15.85,3477768000.0,建筑安装业,2018-10,2018,1.0
603929.SH,亚翔集成,2018-10-30,15.89,15.7,3445764000.0,建筑安装业,2018-10,2018,1.0
603929.SH,亚翔集成,2018-10-31,15.7,15.96,3501237600.0,建筑安装业,2018-10,2018,1.0
603929.SH,亚翔集成,2018-11-01,16.09,16.1,3533241600.0,建筑安装业,2018-11,2018,1.0
603929.SH,亚翔集成,2018-11-02,16.43,16.67,3656990400.0,建筑安装业,2018-11,2018,1.0
603929.SH,亚翔集成,2018-11-05,16.56,16.53,3627120000.0,建筑安装业,2018-11,2018,1.0
603929.SH,亚翔集成,2018-11-06,16.53,16.32,3582314400.0,建筑安装业,2018-11,2018,1.0
603929.SH,亚翔集成,2018-11-07,16.78,16.34,3586581600.0,建筑安装业,2018-11,2018,1.0
603929.SH,亚翔集成,2018-11-08,16.44,16.1,3533241600.0,建筑安装业,2018-11,2018,1.0
603929.SH,亚翔集成,2018-11-09,16.08,15.9,3488436000.0,建筑安装业,2018-11,2018,1.0
603929.SH,亚翔集成,2018-11-12,15.89,16.36,3590848800.0,建筑安装业,2018-11,2018,1.0
603929.SH,亚翔集成,2018-11-13,16.17,16.45,3610051200.0,建筑安装业,2018-11,2018,1.0
603929.SH,亚翔集成,2018-11-14,16.54,16.64,3650589600.0,建筑安装业,2018-11,2018,1.0
603929.SH,亚翔集成,2018-11-15,16.7,17.07,3746601600.0,建筑安装业,2018-11,2018,1.0
603929.SH,亚翔集成,2018-11-16,17.19,17.0,3729532800.0,建筑安装业,2018-11,2018,1.0
603929.SH,亚翔集成,2018-11-19,16.87,16.94,3716731200.0,建筑安装业,2018-11,2018,1.0
603929.SH,亚翔集成,2018-11-20,16.79,16.72,3669792000.0,建筑安装业,2018-11,2018,1.0
603929.SH,亚翔集成,2018-11-21,16.43,16.58,3637788000.0,建筑安装业,2018-11,2018,1.0
603929.SH,亚翔集成,2018-11-22,16.64,16.33,3584448000.0,建筑安装业,2018-11,2018,1.0
603929.SH,亚翔集成,2018-11-23,16.36,15.41,3381756000.0,建筑安装业,2018-11,2018,1.0
603929.SH,亚翔集成,2018-11-26,15.46,15.54,3409492800.0,建筑安装业,2018-11,2018,1.0
603929.SH,亚翔集成,2018-11-27,15.63,15.47,3394557600.0,建筑安装业,2018-11,2018,1.0
603929.SH,亚翔集成,2018-11-28,15.41,15.66,3437229600.0,建筑安装业,2018-11,2018,1.0
603929.SH,亚翔集成,2018-11-29,15.77,15.17,3328416000.0,建筑安装业,2018-11,2018,1.0
603929.SH,亚翔集成,2018-11-30,15.05,15.25,3345484800.0,建筑安装业,2018-11,2018,1.0
603929.SH,亚翔集成,2018-12-03,15.65,15.8,3467100000.0,建筑安装业,2018-12,2018,1.0
603929.SH,亚翔集成,2018-12-04,15.84,15.82,3471367200.0,建筑安装业,2018-12,2018,1.0
603929.SH,亚翔集成,2018-12-05,15.39,15.43,3386023200.0,建筑安装业,2018-12,2018,1.0
603929.SH,亚翔集成,2018-12-06,15.41,15.49,3398824800.0,建筑安装业,2018-12,2018,1.0
603929.SH,亚翔集成,2018-12-07,15.51,15.5,3400958400.0,建筑安装业,2018-12,2018,1.0
603929.SH,亚翔集成,2018-12-10,15.44,15.21,3336950400.0,建筑安装业,2018-12,2018,1.0
603929.SH,亚翔集成,2018-12-11,15.22,15.3,3358286400.0,建筑安装业,2018-12,2018,1.0
603929.SH,亚翔集成,2018-12-12,15.41,15.22,3339084000.0,建筑安装业,2018-12,2018,1.0
603929.SH,亚翔集成,2018-12-13,15.22,15.34,3366820800.0,建筑安装业,2018-12,2018,1.0
603929.SH,亚翔集成,2018-12-14,15.29,14.73,3232404000.0,建筑安装业,2018-12,2018,1.0
603929.SH,亚翔集成,2018-12-17,14.55,14.84,3255873600.0,建筑安装业,2018-12,2018,1.0
603929.SH,亚翔集成,2018-12-18,14.78,14.83,3253740000.0,建筑安装业,2018-12,2018,1.0
603929.SH,亚翔集成,2018-12-19,14.86,14.53,3187598400.0,建筑安装业,2018-12,2018,1.0
603929.SH,亚翔集成,2018-12-20,14.53,14.64,3213201600.0,建筑安装业,2018-12,2018,1.0
603929.SH,亚翔集成,2018-12-21,14.59,14.35,3149193600.0,建筑安装业,2018-12,2018,1.0
603929.SH,亚翔集成,2018-12-24,14.43,14.87,3262274400.0,建筑安装业,2018-12,2018,1.0
603929.SH,亚翔集成,2018-12-25,14.73,14.97,3285744000.0,建筑安装业,2018-12,2018,1.0
603929.SH,亚翔集成,2018-12-26,15.07,14.72,3230270400.0,建筑安装业,2018-12,2018,1.0
603929.SH,亚翔集成,2018-12-27,14.94,14.78,3243072000.0,建筑安装业,2018-12,2018,1.0
603929.SH,亚翔集成,2018-12-28,14.78,14.37,3153460800.0,建筑安装业,2018-12,2018,1.0
603929.SH,亚翔集成,2019-01-02,14.52,14.29,3136392000.0,建筑安装业,2019-01,2019,1.0
603929.SH,亚翔集成,2019-01-03,14.25,14.2,3115056000.0,建筑安装业,2019-01,2019,1.0
603929.SH,亚翔集成,2019-01-04,14.02,14.56,3193999200.0,建筑安装业,2019-01,2019,1.0
603929.SH,亚翔集成,2019-01-07,14.56,14.85,3258007200.0,建筑安装业,2019-01,2019,1.0
603929.SH,亚翔集成,2019-01-08,14.88,14.75,3236671200.0,建筑安装业,2019-01,2019,1.0
603929.SH,亚翔集成,2019-01-09,14.73,14.75,3236671200.0,建筑安装业,2019-01,2019,1.0
603929.SH,亚翔集成,2019-01-10,14.73,14.61,3206800800.0,建筑安装业,2019-01,2019,1.0
603929.SH,亚翔集成,2019-01-11,14.66,14.77,3240938400.0,建筑安装业,2019-01,2019,1.0
603929.SH,亚翔集成,2019-01-14,14.74,14.46,3172663200.0,建筑安装业,2019-01,2019,1.0
603929.SH,亚翔集成,2019-01-15,14.52,14.91,3270808800.0,建筑安装业,2019-01,2019,1.0
603929.SH,亚翔集成,2019-01-16,14.86,14.86,3260140800.0,建筑安装业,2019-01,2019,1.0
603929.SH,亚翔集成,2019-01-17,14.85,14.65,3215335200.0,建筑安装业,2019-01,2019,1.0
603929.SH,亚翔集成,2019-01-18,14.72,14.7,3226003200.0,建筑安装业,2019-01,2019,1.0
603929.SH,亚翔集成,2019-01-21,14.74,14.9,3268675200.0,建筑安装业,2019-01,2019,1.0
603929.SH,亚翔集成,2019-01-22,14.9,14.65,3215335200.0,建筑安装业,2019-01,2019,1.0
603929.SH,亚翔集成,2019-01-23,14.6,14.64,3213201600.0,建筑安装业,2019-01,2019,1.0
603929.SH,亚翔集成,2019-01-24,14.55,15.07,3307080000.0,建筑安装业,2019-01,2019,1.0
603929.SH,亚翔集成,2019-01-25,14.97,14.9,3268675200.0,建筑安装业,2019-01,2019,1.0
603929.SH,亚翔集成,2019-01-28,15.02,14.67,3219602400.0,建筑安装业,2019-01,2019,1.0
603929.SH,亚翔集成,2019-01-29,14.54,13.53,2969971200.0,建筑安装业,2019-01,2019,1.0
603929.SH,亚翔集成,2019-01-30,13.33,13.32,2923032000.0,建筑安装业,2019-01,2019,1.0
603929.SH,亚翔集成,2019-01-31,13.32,12.92,2835554400.0,建筑安装业,2019-01,2019,1.0
603929.SH,亚翔集成,2019-02-01,13.01,13.33,2925165600.0,建筑安装业,2019-02,2019,1.0
603929.SH,亚翔集成,2019-02-11,13.42,13.81,3029712000.0,建筑安装业,2019-02,2019,1.0
603929.SH,亚翔集成,2019-02-12,13.82,13.87,3042513600.0,建筑安装业,2019-02,2019,1.0
603929.SH,亚翔集成,2019-02-13,13.97,14.31,3140659200.0,建筑安装业,2019-02,2019,1.0
603929.SH,亚翔集成,2019-02-14,14.44,15.33,3364687200.0,建筑安装业,2019-02,2019,1.0
603929.SH,亚翔集成,2019-02-15,15.07,15.36,3371088000.0,建筑安装业,2019-02,2019,1.0
603929.SH,亚翔集成,2019-02-18,15.82,16.9,3708196800.0,建筑安装业,2019-02,2019,1.0
603929.SH,亚翔集成,2019-02-19,16.91,16.41,3601516800.0,建筑安装业,2019-02,2019,1.0
603929.SH,亚翔集成,2019-02-20,16.34,16.22,3558844800.0,建筑安装业,2019-02,2019,1.0
603929.SH,亚翔集成,2019-02-21,16.14,15.87,3482035200.0,建筑安装业,2019-02,2019,1.0
603929.SH,亚翔集成,2019-02-22,15.71,16.2,3554577600.0,建筑安装业,2019-02,2019,1.0
603929.SH,亚翔集成,2019-02-25,16.29,16.81,3688994400.0,建筑安装业,2019-02,2019,1.0
603929.SH,亚翔集成,2019-02-26,16.78,16.41,3601516800.0,建筑安装业,2019-02,2019,1.0
603929.SH,亚翔集成,2019-02-27,16.32,16.29,3573780000.0,建筑安装业,2019-02,2019,1.0
603929.SH,亚翔集成,2019-02-28,16.33,16.37,3592982400.0,建筑安装业,2019-02,2019,1.0
603929.SH,亚翔集成,2019-03-01,16.41,16.33,3584448000.0,建筑安装业,2019-03,2019,1.0
603929.SH,亚翔集成,2019-03-04,16.52,16.84,3695395200.0,建筑安装业,2019-03,2019,1.0
603929.SH,亚翔集成,2019-03-05,16.72,17.58,3857548800.0,建筑安装业,2019-03,2019,1.0
603929.SH,亚翔集成,2019-03-06,17.5,17.63,3868216800.0,建筑安装业,2019-03,2019,1.0
603929.SH,亚翔集成,2019-03-07,17.5,17.59,3859682400.0,建筑安装业,2019-03,2019,1.0
603929.SH,亚翔集成,2019-03-08,17.06,17.8,3906621600.0,建筑安装业,2019-03,2019,1.0
603929.SH,亚翔集成,2019-03-11,18.26,18.35,4026103200.0,建筑安装业,2019-03,2019,1.0
603929.SH,亚翔集成,2019-03-12,18.3,18.67,4096512000.0,建筑安装业,2019-03,2019,1.0
603929.SH,亚翔集成,2019-03-13,18.59,18.38,4032504000.0,建筑安装业,2019-03,2019,1.0
603929.SH,亚翔集成,2019-03-14,18.08,17.24,3782872800.0,建筑安装业,2019-03,2019,1.0
603929.SH,亚翔集成,2019-03-15,17.22,17.19,3772204800.0,建筑安装业,2019-03,2019,1.0
603929.SH,亚翔集成,2019-03-18,17.17,17.58,3857548800.0,建筑安装业,2019-03,2019,1.0
603929.SH,亚翔集成,2019-03-19,17.56,18.45,4049572800.0,建筑安装业,2019-03,2019,1.0
603929.SH,亚翔集成,2019-03-20,18.33,18.67,4096512000.0,建筑安装业,2019-03,2019,1.0
603929.SH,亚翔集成,2019-03-21,18.65,18.52,4064508000.0,建筑安装业,2019-03,2019,1.0
603929.SH,亚翔集成,2019-03-22,18.51,18.39,4034637600.0,建筑安装业,2019-03,2019,1.0
603929.SH,亚翔集成,2019-03-25,18.15,18.86,4139184000.0,建筑安装业,2019-03,2019,1.0
603929.SH,亚翔集成,2019-03-26,18.81,18.38,4032504000.0,建筑安装业,2019-03,2019,1.0
603929.SH,亚翔集成,2019-03-27,18.43,18.44,4047439200.0,建筑安装业,2019-03,2019,1.0
603929.SH,亚翔集成,2019-03-28,18.28,18.68,4098645600.0,建筑安装业,2019-03,2019,1.0
603929.SH,亚翔集成,2019-03-29,17.99,18.47,4053840000.0,建筑安装业,2019-03,2019,1.0
603929.SH,亚翔集成,2019-04-01,18.31,19.14,4201058400.0,建筑安装业,2019-04,2019,1.0
603929.SH,亚翔集成,2019-04-02,19.69,20.25,4444288800.0,建筑安装业,2019-04,2019,1.0
603929.SH,亚翔集成,2019-04-03,19.94,20.76,4555236000.0,建筑安装业,2019-04,2019,1.0
603929.SH,亚翔集成,2019-04-04,20.55,20.18,4427220000.0,建筑安装业,2019-04,2019,1.0
603929.SH,亚翔集成,2019-04-08,20.14,19.55,4290669600.0,建筑安装业,2019-04,2019,1.0
603929.SH,亚翔集成,2019-04-09,19.6,19.71,4324807200.0,建筑安装业,2019-04,2019,1.0
603929.SH,亚翔集成,2019-04-10,19.61,19.23,4220260800.0,建筑安装业,2019-04,2019,1.0
603929.SH,亚翔集成,2019-04-11,19.3,19.15,4203192000.0,建筑安装业,2019-04,2019,1.0
603929.SH,亚翔集成,2019-04-12,19.21,19.58,4297070400.0,建筑安装业,2019-04,2019,1.0
603929.SH,亚翔集成,2019-04-15,19.79,18.98,4164787200.0,建筑安装业,2019-04,2019,1.0
603929.SH,亚翔集成,2019-04-16,19.07,19.25,4224528000.0,建筑安装业,2019-04,2019,1.0
603929.SH,亚翔集成,2019-04-17,19.11,19.2,4213860000.0,建筑安装业,2019-04,2019,1.0
603929.SH,亚翔集成,2019-04-18,19.44,19.83,4352544000.0,建筑安装业,2019-04,2019,1.0
603929.SH,亚翔集成,2019-04-19,19.33,19.19,4211726400.0,建筑安装业,2019-04,2019,1.0
603929.SH,亚翔集成,2019-04-22,19.2,18.3,4015435200.0,建筑安装业,2019-04,2019,1.0
603929.SH,亚翔集成,2019-04-23,18.11,17.59,3859682400.0,建筑安装业,2019-04,2019,1.0
603929.SH,亚翔集成,2019-04-24,17.59,18.27,4009034400.0,建筑安装业,2019-04,2019,1.0
603929.SH,亚翔集成,2019-04-25,18.18,17.77,3900220800.0,建筑安装业,2019-04,2019,1.0
603929.SH,亚翔集成,2019-04-26,17.5,17.62,3866083200.0,建筑安装业,2019-04,2019,1.0
603929.SH,亚翔集成,2019-04-29,17.59,16.29,3573780000.0,建筑安装业,2019-04,2019,1.0
603929.SH,亚翔集成,2019-04-30,16.31,16.15,3543909600.0,建筑安装业,2019-04,2019,1.0
603929.SH,亚翔集成,2019-05-06,15.54,14.79,3245205600.0,建筑安装业,2019-05,2019,1.0
603929.SH,亚翔集成,2019-05-07,14.79,14.82,3251606400.0,建筑安装业,2019-05,2019,1.0
603929.SH,亚翔集成,2019-05-08,14.55,14.84,3255873600.0,建筑安装业,2019-05,2019,1.0
603929.SH,亚翔集成,2019-05-09,16.32,16.32,3582314400.0,建筑安装业,2019-05,2019,1.0
603929.SH,亚翔集成,2019-05-10,16.91,17.96,3940759200.0,建筑安装业,2019-05,2019,1.0
603929.SH,亚翔集成,2019-05-13,17.36,17.34,3804208800.0,建筑安装业,2019-05,2019,1.0
603929.SH,亚翔集成,2019-05-14,17.11,17.03,3735933600.0,建筑安装业,2019-05,2019,1.0
603929.SH,亚翔集成,2019-05-15,17.23,17.42,3823411200.0,建筑安装业,2019-05,2019,1.0
603929.SH,亚翔集成,2019-05-16,17.42,16.94,3716731200.0,建筑安装业,2019-05,2019,1.0
603929.SH,亚翔集成,2019-05-17,17.06,16.78,3682593600.0,建筑安装业,2019-05,2019,1.0
603929.SH,亚翔集成,2019-05-20,17.03,17.79,3904488000.0,建筑安装业,2019-05,2019,1.0
603929.SH,亚翔集成,2019-05-21,17.4,17.48,3836212800.0,建筑安装业,2019-05,2019,1.0
603929.SH,亚翔集成,2019-05-22,17.48,17.3,3795674400.0,建筑安装业,2019-05,2019,1.0
603929.SH,亚翔集成,2019-05-23,17.68,18.22,3998366400.0,建筑安装业,2019-05,2019,1.0
603929.SH,亚翔集成,2019-05-24,17.98,18.78,4119981600.0,建筑安装业,2019-05,2019,1.0
603929.SH,亚翔集成,2019-05-27,18.14,19.62,4305604800.0,建筑安装业,2019-05,2019,1.0
603929.SH,亚翔集成,2019-05-28,19.37,19.03,4175455200.0,建筑安装业,2019-05,2019,1.0
603929.SH,亚翔集成,2019-05-29,19.06,19.11,4192524000.0,建筑安装业,2019-05,2019,1.0
603929.SH,亚翔集成,2019-05-30,18.67,18.4,4036771200.0,建筑安装业,2019-05,2019,1.0
603929.SH,亚翔集成,2019-05-31,18.43,18.21,3996232800.0,建筑安装业,2019-05,2019,1.0
603929.SH,亚翔集成,2019-06-03,18.38,18.21,3996232800.0,建筑安装业,2019-06,2019,1.0
603929.SH,亚翔集成,2019-06-04,17.99,17.48,3836212800.0,建筑安装业,2019-06,2019,1.0
603929.SH,亚翔集成,2019-06-05,17.78,17.87,3921556800.0,建筑安装业,2019-06,2019,1.0
603929.SH,亚翔集成,2019-06-06,17.89,17.18,3770071200.0,建筑安装业,2019-06,2019,1.0
603929.SH,亚翔集成,2019-06-10,17.14,17.3,3795674400.0,建筑安装业,2019-06,2019,1.0
603929.SH,亚翔集成,2019-06-11,17.15,18.31,4017568800.0,建筑安装业,2019-06,2019,1.0
603929.SH,亚翔集成,2019-06-12,18.28,18.78,4119981600.0,建筑安装业,2019-06,2019,1.0
603929.SH,亚翔集成,2019-06-13,18.84,18.64,4036771200.0,建筑安装业,2019-06,2019,1.0
603929.SH,亚翔集成,2019-06-14,18.57,17.76,3846880800.0,建筑安装业,2019-06,2019,1.0
603929.SH,亚翔集成,2019-06-17,17.68,17.58,3808476000.0,建筑安装业,2019-06,2019,1.0
603929.SH,亚翔集成,2019-06-18,17.38,17.39,3765804000.0,建筑安装业,2019-06,2019,1.0
603929.SH,亚翔集成,2019-06-19,17.87,17.73,3840480000.0,建筑安装业,2019-06,2019,1.0
603929.SH,亚翔集成,2019-06-20,17.53,17.75,3844747200.0,建筑安装业,2019-06,2019,1.0
603929.SH,亚翔集成,2019-06-21,17.83,17.88,3872484000.0,建筑安装业,2019-06,2019,1.0
603929.SH,亚翔集成,2019-06-24,17.73,17.88,3872484000.0,建筑安装业,2019-06,2019,1.0
603929.SH,亚翔集成,2019-06-25,17.81,17.44,3776472000.0,建筑安装业,2019-06,2019,1.0
603929.SH,亚翔集成,2019-06-26,17.48,17.28,3742334400.0,建筑安装业,2019-06,2019,1.0
603929.SH,亚翔集成,2019-06-27,17.28,17.38,3763670400.0,建筑安装业,2019-06,2019,1.0
603929.SH,亚翔集成,2019-06-28,17.44,16.78,3633520800.0,建筑安装业,2019-06,2019,1.0
603929.SH,亚翔集成,2019-07-01,17.04,17.38,3763670400.0,建筑安装业,2019-07,2019,1.0
603929.SH,亚翔集成,2019-07-02,17.38,17.53,3797808000.0,建筑安装业,2019-07,2019,1.0
603929.SH,亚翔集成,2019-07-03,17.53,17.11,3706063200.0,建筑安装业,2019-07,2019,1.0
603929.SH,亚翔集成,2019-07-04,17.22,17.35,3757269600.0,建筑安装业,2019-07,2019,1.0
603929.SH,亚翔集成,2019-07-05,17.34,17.53,3797808000.0,建筑安装业,2019-07,2019,1.0
603929.SH,亚翔集成,2019-07-08,17.29,16.66,3607917600.0,建筑安装业,2019-07,2019,1.0
603929.SH,亚翔集成,2019-07-09,17.24,16.66,3607917600.0,建筑安装业,2019-07,2019,1.0
603929.SH,亚翔集成,2019-07-10,16.47,16.2,3509772000.0,建筑安装业,2019-07,2019,1.0
603929.SH,亚翔集成,2019-07-11,16.3,15.95,3454298400.0,建筑安装业,2019-07,2019,1.0
603929.SH,亚翔集成,2019-07-12,16.02,16.01,3467100000.0,建筑安装业,2019-07,2019,1.0
603929.SH,亚翔集成,2019-07-15,16.23,16.41,3554577600.0,建筑安装业,2019-07,2019,1.0
603929.SH,亚翔集成,2019-07-16,16.52,16.37,3546043200.0,建筑安装业,2019-07,2019,1.0
603929.SH,亚翔集成,2019-07-17,16.35,16.6,3595116000.0,建筑安装业,2019-07,2019,1.0
603929.SH,亚翔集成,2019-07-18,16.35,16.1,3486302400.0,建筑安装业,2019-07,2019,1.0
603929.SH,亚翔集成,2019-07-19,16.25,16.08,3482035200.0,建筑安装业,2019-07,2019,1.0
603929.SH,亚翔集成,2019-07-22,16.01,15.54,3366820800.0,建筑安装业,2019-07,2019,1.0
603929.SH,亚翔集成,2019-07-23,15.42,16.05,3475634400.0,建筑安装业,2019-07,2019,1.0
603929.SH,亚翔集成,2019-07-24,15.89,16.18,3505504800.0,建筑安装业,2019-07,2019,1.0
603929.SH,亚翔集成,2019-07-25,16.21,16.13,3492703200.0,建筑安装业,2019-07,2019,1.0
603929.SH,亚翔集成,2019-07-26,15.26,15.13,3277209600.0,建筑安装业,2019-07,2019,1.0
603929.SH,亚翔集成,2019-07-29,15.16,15.65,3390290400.0,建筑安装业,2019-07,2019,1.0
603929.SH,亚翔集成,2019-07-30,15.86,15.49,3354019200.0,建筑安装业,2019-07,2019,1.0
603929.SH,亚翔集成,2019-07-31,15.37,15.15,3281476800.0,建筑安装业,2019-07,2019,1.0
603929.SH,亚翔集成,2019-08-01,15.15,15.01,3251606400.0,建筑安装业,2019-08,2019,1.0
603929.SH,亚翔集成,2019-08-02,14.76,14.81,3206800800.0,建筑安装业,2019-08,2019,1.0
603929.SH,亚翔集成,2019-08-05,14.73,14.61,3164128800.0,建筑安装业,2019-08,2019,1.0
603929.SH,亚翔集成,2019-08-06,14.13,13.98,3027578400.0,建筑安装业,2019-08,2019,1.0
603929.SH,亚翔集成,2019-08-07,14.03,13.98,3027578400.0,建筑安装业,2019-08,2019,1.0
603929.SH,亚翔集成,2019-08-08,13.92,14.01,3033979200.0,建筑安装业,2019-08,2019,1.0
603929.SH,亚翔集成,2019-08-09,14.1,14.0,3031845600.0,建筑安装业,2019-08,2019,1.0
603929.SH,亚翔集成,2019-08-12,14.14,14.46,3132124800.0,建筑安装业,2019-08,2019,1.0
603929.SH,亚翔集成,2019-08-13,14.3,14.45,3129991200.0,建筑安装业,2019-08,2019,1.0
603929.SH,亚翔集成,2019-08-14,15.15,14.55,3151327200.0,建筑安装业,2019-08,2019,1.0
603929.SH,亚翔集成,2019-08-15,14.02,14.41,3121456800.0,建筑安装业,2019-08,2019,1.0
603929.SH,亚翔集成,2019-08-16,14.28,14.17,3068116800.0,建筑安装业,2019-08,2019,1.0
603929.SH,亚翔集成,2019-08-19,14.21,14.67,3176930400.0,建筑安装业,2019-08,2019,1.0
603929.SH,亚翔集成,2019-08-20,14.69,14.69,3181197600.0,建筑安装业,2019-08,2019,1.0
603929.SH,亚翔集成,2019-08-21,14.51,14.77,3198266400.0,建筑安装业,2019-08,2019,1.0
603929.SH,亚翔集成,2019-08-22,14.83,14.54,3149193600.0,建筑安装业,2019-08,2019,1.0
603929.SH,亚翔集成,2019-08-23,14.68,14.38,3115056000.0,建筑安装业,2019-08,2019,1.0
603929.SH,亚翔集成,2019-08-26,13.99,14.18,3072384000.0,建筑安装业,2019-08,2019,1.0
603929.SH,亚翔集成,2019-08-27,14.24,14.35,3108655200.0,建筑安装业,2019-08,2019,1.0
603929.SH,亚翔集成,2019-08-28,14.29,14.2,3076651200.0,建筑安装业,2019-08,2019,1.0
603929.SH,亚翔集成,2019-08-29,14.19,14.19,3074517600.0,建筑安装业,2019-08,2019,1.0
603929.SH,亚翔集成,2019-08-30,14.31,14.26,3089452800.0,建筑安装业,2019-08,2019,1.0
603929.SH,亚翔集成,2019-09-02,14.16,14.56,3153460800.0,建筑安装业,2019-09,2019,1.0
603929.SH,亚翔集成,2019-09-03,14.64,14.95,3238804800.0,建筑安装业,2019-09,2019,1.0
603929.SH,亚翔集成,2019-09-04,14.78,15.08,3266541600.0,建筑安装业,2019-09,2019,1.0
603929.SH,亚翔集成,2019-09-05,15.08,15.38,3330549600.0,建筑安装业,2019-09,2019,1.0
603929.SH,亚翔集成,2019-09-06,15.41,15.31,3315614400.0,建筑安装业,2019-09,2019,1.0
603929.SH,亚翔集成,2019-09-09,15.35,15.8,3422294400.0,建筑安装业,2019-09,2019,1.0
603929.SH,亚翔集成,2019-09-10,15.9,15.65,3390290400.0,建筑安装业,2019-09,2019,1.0
603929.SH,亚翔集成,2019-09-11,15.76,15.4,3334816800.0,建筑安装业,2019-09,2019,1.0
603929.SH,亚翔集成,2019-09-12,15.44,15.85,3432962400.0,建筑安装业,2019-09,2019,1.0
603929.SH,亚翔集成,2019-09-16,15.76,15.71,3403092000.0,建筑安装业,2019-09,2019,1.0
603929.SH,亚翔集成,2019-09-17,15.66,15.09,3268675200.0,建筑安装业,2019-09,2019,1.0
603929.SH,亚翔集成,2019-09-18,15.21,15.12,3275076000.0,建筑安装业,2019-09,2019,1.0
603929.SH,亚翔集成,2019-09-19,15.17,15.51,3360420000.0,建筑安装业,2019-09,2019,1.0
603929.SH,亚翔集成,2019-09-20,15.55,17.07,3697528800.0,建筑安装业,2019-09,2019,1.0
603929.SH,亚翔集成,2019-09-23,17.06,18.38,3981297600.0,建筑安装业,2019-09,2019,1.0
603929.SH,亚翔集成,2019-09-24,17.8,17.22,3729532800.0,建筑安装业,2019-09,2019,1.0
603929.SH,亚翔集成,2019-09-25,16.79,16.53,3580180800.0,建筑安装业,2019-09,2019,1.0
603929.SH,亚翔集成,2019-09-26,16.65,15.95,3454298400.0,建筑安装业,2019-09,2019,1.0
603929.SH,亚翔集成,2019-09-27,15.85,16.3,3531108000.0,建筑安装业,2019-09,2019,1.0
603929.SH,亚翔集成,2019-09-30,16.24,15.64,3388156800.0,建筑安装业,2019-09,2019,1.0
603929.SH,亚翔集成,2019-10-08,15.67,15.51,3360420000.0,建筑安装业,2019-10,2019,1.0
603929.SH,亚翔集成,2019-10-09,15.46,15.7,3400958400.0,建筑安装业,2019-10,2019,1.0
603929.SH,亚翔集成,2019-10-10,15.64,15.8,3422294400.0,建筑安装业,2019-10,2019,1.0
603929.SH,亚翔集成,2019-10-11,15.81,15.45,3345484800.0,建筑安装业,2019-10,2019,1.0
603929.SH,亚翔集成,2019-10-14,15.65,15.76,3413760000.0,建筑安装业,2019-10,2019,1.0
603929.SH,亚翔集成,2019-10-15,15.79,15.4,3334816800.0,建筑安装业,2019-10,2019,1.0
603929.SH,亚翔集成,2019-10-16,15.55,15.21,3294278400.0,建筑安装业,2019-10,2019,1.0
603929.SH,亚翔集成,2019-10-17,15.23,14.85,3217468800.0,建筑安装业,2019-10,2019,1.0
603929.SH,亚翔集成,2019-10-18,14.93,14.43,3125724000.0,建筑安装业,2019-10,2019,1.0
603929.SH,亚翔集成,2019-10-21,14.58,14.74,3191865600.0,建筑安装业,2019-10,2019,1.0
603929.SH,亚翔集成,2019-10-22,14.74,14.79,3202533600.0,建筑安装业,2019-10,2019,1.0
603929.SH,亚翔集成,2019-10-23,14.75,14.61,3164128800.0,建筑安装业,2019-10,2019,1.0
603929.SH,亚翔集成,2019-10-24,14.57,14.29,3095853600.0,建筑安装业,2019-10,2019,1.0
603929.SH,亚翔集成,2019-10-25,14.38,14.41,3121456800.0,建筑安装业,2019-10,2019,1.0
603929.SH,亚翔集成,2019-10-28,14.34,14.77,3198266400.0,建筑安装业,2019-10,2019,1.0
603929.SH,亚翔集成,2019-10-29,14.76,14.29,3095853600.0,建筑安装业,2019-10,2019,1.0
603929.SH,亚翔集成,2019-10-30,14.21,14.08,3048914400.0,建筑安装业,2019-10,2019,1.0
603929.SH,亚翔集成,2019-10-31,14.09,14.09,3051048000.0,建筑安装业,2019-10,2019,1.0
603929.SH,亚翔集成,2019-11-01,13.99,14.17,3070250400.0,建筑安装业,2019-11,2019,1.0
603929.SH,亚翔集成,2019-11-04,14.11,14.15,3063849600.0,建筑安装业,2019-11,2019,1.0
603929.SH,亚翔集成,2019-11-05,14.15,14.28,3093720000.0,建筑安装业,2019-11,2019,1.0
603929.SH,亚翔集成,2019-11-06,14.24,14.15,3063849600.0,建筑安装业,2019-11,2019,1.0
603929.SH,亚翔集成,2019-11-07,14.05,14.28,3093720000.0,建筑安装业,2019-11,2019,1.0
603929.SH,亚翔集成,2019-11-08,14.33,14.44,3127857600.0,建筑安装业,2019-11,2019,1.0
603929.SH,亚翔集成,2019-11-11,14.39,13.84,2997708000.0,建筑安装业,2019-11,2019,1.0
603929.SH,亚翔集成,2019-11-12,13.84,13.73,2974238400.0,建筑安装业,2019-11,2019,1.0
603929.SH,亚翔集成,2019-11-13,13.94,13.82,2993440800.0,建筑安装业,2019-11,2019,1.0
603929.SH,亚翔集成,2019-11-14,13.71,13.82,2993440800.0,建筑安装业,2019-11,2019,1.0
603929.SH,亚翔集成,2019-11-15,13.71,13.41,2903829600.0,建筑安装业,2019-11,2019,1.0
603929.SH,亚翔集成,2019-11-18,13.57,13.54,2933700000.0,建筑安装业,2019-11,2019,1.0
603929.SH,亚翔集成,2019-11-19,13.54,13.82,2993440800.0,建筑安装业,2019-11,2019,1.0
603929.SH,亚翔集成,2019-11-20,13.82,13.74,2976372000.0,建筑安装业,2019-11,2019,1.0
603929.SH,亚翔集成,2019-11-21,13.87,13.59,2944368000.0,建筑安装业,2019-11,2019,1.0
603929.SH,亚翔集成,2019-11-22,13.62,13.47,2916631200.0,建筑安装业,2019-11,2019,1.0
603929.SH,亚翔集成,2019-11-25,13.59,13.44,2910230400.0,建筑安装业,2019-11,2019,1.0
603929.SH,亚翔集成,2019-11-26,13.47,13.27,2873959200.0,建筑安装业,2019-11,2019,1.0
603929.SH,亚翔集成,2019-11-27,13.3,13.35,2891028000.0,建筑安装业,2019-11,2019,1.0
603929.SH,亚翔集成,2019-11-28,13.32,13.07,2831287200.0,建筑安装业,2019-11,2019,1.0
603929.SH,亚翔集成,2019-11-29,12.95,13.15,2848356000.0,建筑安装业,2019-11,2019,1.0
603929.SH,亚翔集成,2019-12-02,13.25,13.21,2861157600.0,建筑安装业,2019-12,2019,1.0
603929.SH,亚翔集成,2019-12-03,13.1,13.59,2944368000.0,建筑安装业,2019-12,2019,1.0
603929.SH,亚翔集成,2019-12-04,13.45,13.64,2955036000.0,建筑安装业,2019-12,2019,1.0
603929.SH,亚翔集成,2019-12-05,13.77,13.94,3019044000.0,建筑安装业,2019-12,2019,1.0
603929.SH,亚翔集成,2019-12-06,13.91,14.13,3059582400.0,建筑安装业,2019-12,2019,1.0
603929.SH,亚翔集成,2019-12-09,14.15,14.02,3036112800.0,建筑安装业,2019-12,2019,1.0
603929.SH,亚翔集成,2019-12-10,13.87,14.03,3038246400.0,建筑安装业,2019-12,2019,1.0
603929.SH,亚翔集成,2019-12-11,14.05,13.8,2989173600.0,建筑安装业,2019-12,2019,1.0
603929.SH,亚翔集成,2019-12-12,13.78,14.28,3093720000.0,建筑安装业,2019-12,2019,1.0
603929.SH,亚翔集成,2019-12-13,14.27,14.14,3061716000.0,建筑安装业,2019-12,2019,1.0
603929.SH,亚翔集成,2019-12-16,14.15,14.24,3085185600.0,建筑安装业,2019-12,2019,1.0
603929.SH,亚翔集成,2019-12-17,14.24,14.34,3106521600.0,建筑安装业,2019-12,2019,1.0
603929.SH,亚翔集成,2019-12-18,14.48,14.38,3115056000.0,建筑安装业,2019-12,2019,1.0
603929.SH,亚翔集成,2019-12-19,14.39,14.37,3112922400.0,建筑安装业,2019-12,2019,1.0
603929.SH,亚翔集成,2019-12-20,14.37,14.16,3065983200.0,建筑安装业,2019-12,2019,1.0
603929.SH,亚翔集成,2019-12-23,14.16,14.29,3095853600.0,建筑安装业,2019-12,2019,1.0
603929.SH,亚翔集成,2019-12-24,14.28,14.13,3059582400.0,建筑安装业,2019-12,2019,1.0
603929.SH,亚翔集成,2019-12-25,14.11,15.53,3364687200.0,建筑安装业,2019-12,2019,1.0
603929.SH,亚翔集成,2019-12-26,15.74,15.58,3375355200.0,建筑安装业,2019-12,2019,1.0
603929.SH,亚翔集成,2019-12-27,15.35,14.96,3240938400.0,建筑安装业,2019-12,2019,1.0
603929.SH,亚翔集成,2019-12-30,14.78,14.7,3183331200.0,建筑安装业,2019-12,2019,1.0
603929.SH,亚翔集成,2019-12-31,14.7,15.01,3251606400.0,建筑安装业,2019-12,2019,1.0
603929.SH,亚翔集成,2020-01-02,15.0,15.2,3292144800.0,建筑安装业,2020-01,2020,1.0
603929.SH,亚翔集成,2020-01-03,15.2,15.2,3292144800.0,建筑安装业,2020-01,2020,1.0
603929.SH,亚翔集成,2020-01-06,15.22,15.07,3264408000.0,建筑安装业,2020-01,2020,1.0
603929.SH,亚翔集成,2020-01-07,15.09,15.29,3311347200.0,建筑安装业,2020-01,2020,1.0
603929.SH,亚翔集成,2020-01-08,15.15,14.78,3200400000.0,建筑安装业,2020-01,2020,1.0
603929.SH,亚翔集成,2020-01-09,14.87,15.08,3266541600.0,建筑安装业,2020-01,2020,1.0
603929.SH,亚翔集成,2020-01-10,15.18,15.09,3268675200.0,建筑安装业,2020-01,2020,1.0
603929.SH,亚翔集成,2020-01-13,15.17,15.76,3413760000.0,建筑安装业,2020-01,2020,1.0
603929.SH,亚翔集成,2020-01-14,15.68,15.48,3351885600.0,建筑安装业,2020-01,2020,1.0
603929.SH,亚翔集成,2020-01-15,15.48,15.83,3428695200.0,建筑安装业,2020-01,2020,1.0
603929.SH,亚翔集成,2020-01-16,15.85,15.68,3396691200.0,建筑安装业,2020-01,2020,1.0
603929.SH,亚翔集成,2020-01-17,15.76,15.76,3413760000.0,建筑安装业,2020-01,2020,1.0
603929.SH,亚翔集成,2020-01-20,16.54,15.65,3390290400.0,建筑安装业,2020-01,2020,1.0
603929.SH,亚翔集成,2020-01-21,15.47,14.99,3247339200.0,建筑安装业,2020-01,2020,1.0
603929.SH,亚翔集成,2020-01-22,14.9,15.19,3290011200.0,建筑安装业,2020-01,2020,1.0
603929.SH,亚翔集成,2020-01-23,14.8,14.38,3115056000.0,建筑安装业,2020-01,2020,1.0
603929.SH,亚翔集成,2020-02-03,12.94,12.94,2803550400.0,建筑安装业,2020-02,2020,1.0
603929.SH,亚翔集成,2020-02-04,11.65,12.37,2679801600.0,建筑安装业,2020-02,2020,1.0
603929.SH,亚翔集成,2020-02-05,12.5,12.57,2722473600.0,建筑安装业,2020-02,2020,1.0
603929.SH,亚翔集成,2020-02-06,12.64,12.8,2771546400.0,建筑安装业,2020-02,2020,1.0
603929.SH,亚翔集成,2020-02-07,12.86,13.23,2865424800.0,建筑安装业,2020-02,2020,1.0
603929.SH,亚翔集成,2020-02-10,13.23,13.79,2987040000.0,建筑安装业,2020-02,2020,1.0
603929.SH,亚翔集成,2020-02-11,13.63,13.43,2908096800.0,建筑安装业,2020-02,2020,1.0
603929.SH,亚翔集成,2020-02-12,13.45,14.43,3125724000.0,建筑安装业,2020-02,2020,1.0
603929.SH,亚翔集成,2020-02-13,14.28,15.49,3354019200.0,建筑安装业,2020-02,2020,1.0
603929.SH,亚翔集成,2020-02-14,15.19,16.11,3488436000.0,建筑安装业,2020-02,2020,1.0
603929.SH,亚翔集成,2020-02-17,15.86,15.8,3422294400.0,建筑安装业,2020-02,2020,1.0
603929.SH,亚翔集成,2020-02-18,15.66,16.33,3537508800.0,建筑安装业,2020-02,2020,1.0
603929.SH,亚翔集成,2020-02-19,16.03,15.49,3356152800.0,建筑安装业,2020-02,2020,1.0
603929.SH,亚翔集成,2020-02-20,15.57,15.63,3386023200.0,建筑安装业,2020-02,2020,1.0
603929.SH,亚翔集成,2020-02-21,15.76,15.99,3462832800.0,建筑安装业,2020-02,2020,1.0
603929.SH,亚翔集成,2020-02-24,16.57,17.58,3808476000.0,建筑安装业,2020-02,2020,1.0
603929.SH,亚翔集成,2020-02-25,17.73,19.1,4137050400.0,建筑安装业,2020-02,2020,1.0
603929.SH,亚翔集成,2020-02-26,17.19,17.24,3733800000.0,建筑安装业,2020-02,2020,1.0
603929.SH,亚翔集成,2020-02-27,17.4,16.79,3635654400.0,建筑安装业,2020-02,2020,1.0
603929.SH,亚翔集成,2020-02-28,16.03,15.22,3296412000.0,建筑安装业,2020-02,2020,1.0
603929.SH,亚翔集成,2020-03-02,15.49,16.2,3509772000.0,建筑安装业,2020-03,2020,1.0
603929.SH,亚翔集成,2020-03-03,16.48,16.39,3550310400.0,建筑安装业,2020-03,2020,1.0
603929.SH,亚翔集成,2020-03-04,16.29,16.5,3573780000.0,建筑安装业,2020-03,2020,1.0
603929.SH,亚翔集成,2020-03-05,16.99,16.89,3659124000.0,建筑安装业,2020-03,2020,1.0
603929.SH,亚翔集成,2020-03-06,16.67,16.56,3586581600.0,建筑安装业,2020-03,2020,1.0
603929.SH,亚翔集成,2020-03-09,16.11,15.5,3358286400.0,建筑安装业,2020-03,2020,1.0
603929.SH,亚翔集成,2020-03-10,15.4,16.07,3479901600.0,建筑安装业,2020-03,2020,1.0
603929.SH,亚翔集成,2020-03-11,16.22,15.58,3375355200.0,建筑安装业,2020-03,2020,1.0
603929.SH,亚翔集成,2020-03-12,15.22,15.31,3315614400.0,建筑安装业,2020-03,2020,1.0
603929.SH,亚翔集成,2020-03-13,14.36,15.06,3262274400.0,建筑安装业,2020-03,2020,1.0
603929.SH,亚翔集成,2020-03-16,15.13,14.48,3136392000.0,建筑安装业,2020-03,2020,1.0
603929.SH,亚翔集成,2020-03-17,14.83,14.42,3123590400.0,建筑安装业,2020-03,2020,1.0
603929.SH,亚翔集成,2020-03-18,14.67,14.47,3134258400.0,建筑安装业,2020-03,2020,1.0
603929.SH,亚翔集成,2020-03-19,14.4,14.94,3236671200.0,建筑安装业,2020-03,2020,1.0
603929.SH,亚翔集成,2020-03-20,15.08,15.2,3292144800.0,建筑安装业,2020-03,2020,1.0
603929.SH,亚翔集成,2020-03-23,14.68,14.58,3157728000.0,建筑安装业,2020-03,2020,1.0
603929.SH,亚翔集成,2020-03-24,14.83,16.04,3473500800.0,建筑安装业,2020-03,2020,1.0
603929.SH,亚翔集成,2020-03-25,16.53,16.15,3499104000.0,建筑安装业,2020-03,2020,1.0
603929.SH,亚翔集成,2020-03-26,16.22,15.87,3437229600.0,建筑安装业,2020-03,2020,1.0
603929.SH,亚翔集成,2020-03-27,16.02,15.83,3428695200.0,建筑安装业,2020-03,2020,1.0
603929.SH,亚翔集成,2020-03-30,15.57,14.52,3144926400.0,建筑安装业,2020-03,2020,1.0
603929.SH,亚翔集成,2020-03-31,14.69,13.8,2989173600.0,建筑安装业,2020-03,2020,1.0
603929.SH,亚翔集成,2020-04-01,13.79,13.49,2920898400.0,建筑安装业,2020-04,2020,1.0
603929.SH,亚翔集成,2020-04-02,13.36,13.85,2999841600.0,建筑安装业,2020-04,2020,1.0
603929.SH,亚翔集成,2020-04-03,13.75,13.52,2929432800.0,建筑安装业,2020-04,2020,1.0
603929.SH,亚翔集成,2020-04-07,13.79,13.85,2999841600.0,建筑安装业,2020-04,2020,1.0
603929.SH,亚翔集成,2020-04-08,13.88,14.1,3053181600.0,建筑安装业,2020-04,2020,1.0
603929.SH,亚翔集成,2020-04-09,14.17,14.14,3061716000.0,建筑安装业,2020-04,2020,1.0
603929.SH,亚翔集成,2020-04-10,14.01,13.71,2969971200.0,建筑安装业,2020-04,2020,1.0
603929.SH,亚翔集成,2020-04-13,13.74,13.55,2935833600.0,建筑安装业,2020-04,2020,1.0
603929.SH,亚翔集成,2020-04-14,13.61,13.8,2989173600.0,建筑安装业,2020-04,2020,1.0
603929.SH,亚翔集成,2020-04-15,13.89,13.59,2944368000.0,建筑安装业,2020-04,2020,1.0
603929.SH,亚翔集成,2020-04-16,13.51,13.63,2952902400.0,建筑安装业,2020-04,2020,1.0
603929.SH,亚翔集成,2020-04-17,13.71,13.69,2965704000.0,建筑安装业,2020-04,2020,1.0
603929.SH,亚翔集成,2020-04-20,13.68,13.79,2987040000.0,建筑安装业,2020-04,2020,1.0
603929.SH,亚翔集成,2020-04-21,13.89,13.66,2959303200.0,建筑安装业,2020-04,2020,1.0
603929.SH,亚翔集成,2020-04-22,13.53,13.77,2982772800.0,建筑安装业,2020-04,2020,1.0
603929.SH,亚翔集成,2020-04-23,13.84,13.63,2952902400.0,建筑安装业,2020-04,2020,1.0
603929.SH,亚翔集成,2020-04-24,13.69,13.24,2867558400.0,建筑安装业,2020-04,2020,1.0
603929.SH,亚翔集成,2020-04-27,13.24,13.15,2848356000.0,建筑安装业,2020-04,2020,1.0
603929.SH,亚翔集成,2020-04-28,13.14,12.71,2752344000.0,建筑安装业,2020-04,2020,1.0
603929.SH,亚翔集成,2020-04-29,12.81,12.56,2720340000.0,建筑安装业,2020-04,2020,1.0
603929.SH,亚翔集成,2020-04-30,12.41,13.08,2833420800.0,建筑安装业,2020-04,2020,1.0
603929.SH,亚翔集成,2020-05-06,13.3,13.81,2991307200.0,建筑安装业,2020-05,2020,1.0
603929.SH,亚翔集成,2020-05-07,13.68,13.53,2931566400.0,建筑安装业,2020-05,2020,1.0
603929.SH,亚翔集成,2020-05-08,13.68,13.61,2948635200.0,建筑安装业,2020-05,2020,1.0
603929.SH,亚翔集成,2020-05-11,13.64,13.6,2946501600.0,建筑安装业,2020-05,2020,1.0
603929.SH,亚翔集成,2020-05-12,13.54,13.52,2929432800.0,建筑安装业,2020-05,2020,1.0
603929.SH,亚翔集成,2020-05-13,13.56,13.67,2961436800.0,建筑安装业,2020-05,2020,1.0
603929.SH,亚翔集成,2020-05-14,13.63,15.04,3258007200.0,建筑安装业,2020-05,2020,1.0
603929.SH,亚翔集成,2020-05-15,15.76,16.55,3584448000.0,建筑安装业,2020-05,2020,1.0
603929.SH,亚翔集成,2020-05-18,18.2,18.2,3942892800.0,建筑安装业,2020-05,2020,1.0
603929.SH,亚翔集成,2020-05-19,19.6,20.03,4337608800.0,建筑安装业,2020-05,2020,1.0
603929.SH,亚翔集成,2020-05-20,22.03,22.03,4770729600.0,建筑安装业,2020-05,2020,1.0
603929.SH,亚翔集成,2020-05-21,21.67,21.44,4644847200.0,建筑安装业,2020-05,2020,1.0
603929.SH,亚翔集成,2020-05-22,20.28,19.3,4179722400.0,建筑安装业,2020-05,2020,1.0
603929.SH,亚翔集成,2020-05-25,18.7,17.99,3895953600.0,建筑安装业,2020-05,2020,1.0
603929.SH,亚翔集成,2020-05-26,17.76,18.51,4009034400.0,建筑安装业,2020-05,2020,1.0
603929.SH,亚翔集成,2020-05-27,18.23,18.53,4013301600.0,建筑安装业,2020-05,2020,1.0
603929.SH,亚翔集成,2020-05-28,18.08,16.89,3659124000.0,建筑安装业,2020-05,2020,1.0
603929.SH,亚翔集成,2020-05-29,16.68,16.58,3590848800.0,建筑安装业,2020-05,2020,1.0
603929.SH,亚翔集成,2020-06-01,16.67,17.1,3703929600.0,建筑安装业,2020-06,2020,1.0
603929.SH,亚翔集成,2020-06-02,17.98,17.43,3774338400.0,建筑安装业,2020-06,2020,1.0
603929.SH,亚翔集成,2020-06-03,17.16,17.57,3806342400.0,建筑安装业,2020-06,2020,1.0
603929.SH,亚翔集成,2020-06-04,17.29,16.69,3614318400.0,建筑安装业,2020-06,2020,1.0
603929.SH,亚翔集成,2020-06-05,16.79,17.1,3703929600.0,建筑安装业,2020-06,2020,1.0
603929.SH,亚翔集成,2020-06-08,17.1,16.64,3603650400.0,建筑安装业,2020-06,2020,1.0
603929.SH,亚翔集成,2020-06-09,16.45,16.92,3665524800.0,建筑安装业,2020-06,2020,1.0
603929.SH,亚翔集成,2020-06-10,16.7,16.64,3603650400.0,建筑安装业,2020-06,2020,1.0
603929.SH,亚翔集成,2020-06-11,16.8,16.71,3618585600.0,建筑安装业,2020-06,2020,1.0
603929.SH,亚翔集成,2020-06-12,16.15,16.48,3569512800.0,建筑安装业,2020-06,2020,1.0
603929.SH,亚翔集成,2020-06-15,16.39,16.03,3420160800.0,建筑安装业,2020-06,2020,1.0
603929.SH,亚翔集成,2020-06-16,16.4,16.49,3518306400.0,建筑安装业,2020-06,2020,1.0
603929.SH,亚翔集成,2020-06-17,16.42,16.34,3486302400.0,建筑安装业,2020-06,2020,1.0
603929.SH,亚翔集成,2020-06-18,16.38,16.94,3614318400.0,建筑安装业,2020-06,2020,1.0
603929.SH,亚翔集成,2020-06-19,16.74,16.73,3569512800.0,建筑安装业,2020-06,2020,1.0
603929.SH,亚翔集成,2020-06-22,16.82,17.1,3648456000.0,建筑安装业,2020-06,2020,1.0
603929.SH,亚翔集成,2020-06-23,16.9,17.97,3834079200.0,建筑安装业,2020-06,2020,1.0
603929.SH,亚翔集成,2020-06-24,17.99,18.25,3893820000.0,建筑安装业,2020-06,2020,1.0
603929.SH,亚翔集成,2020-06-29,18.0,17.37,3706063200.0,建筑安装业,2020-06,2020,1.0
603929.SH,亚翔集成,2020-06-30,17.49,17.59,3753002400.0,建筑安装业,2020-06,2020,1.0
603929.SH,亚翔集成,2020-07-01,17.58,17.2,3669792000.0,建筑安装业,2020-07,2020,1.0
603929.SH,亚翔集成,2020-07-02,17.09,17.44,3720998400.0,建筑安装业,2020-07,2020,1.0
603929.SH,亚翔集成,2020-07-03,17.71,18.12,3866083200.0,建筑安装业,2020-07,2020,1.0
603929.SH,亚翔集成,2020-07-06,18.33,18.97,4047439200.0,建筑安装业,2020-07,2020,1.0
603929.SH,亚翔集成,2020-07-07,19.24,18.9,4032504000.0,建筑安装业,2020-07,2020,1.0
603929.SH,亚翔集成,2020-07-08,18.6,19.2,4096512000.0,建筑安装业,2020-07,2020,1.0
603929.SH,亚翔集成,2020-07-09,19.0,19.48,4156252800.0,建筑安装业,2020-07,2020,1.0
603929.SH,亚翔集成,2020-07-10,19.4,18.78,4006900800.0,建筑安装业,2020-07,2020,1.0
603929.SH,亚翔集成,2020-07-13,18.6,19.53,4166920800.0,建筑安装业,2020-07,2020,1.0
603929.SH,亚翔集成,2020-07-14,19.5,19.16,4087977600.0,建筑安装业,2020-07,2020,1.0
603929.SH,亚翔集成,2020-07-15,19.18,18.11,3863949600.0,建筑安装业,2020-07,2020,1.0
603929.SH,亚翔集成,2020-07-16,18.2,16.48,3516172800.0,建筑安装业,2020-07,2020,1.0
603929.SH,亚翔集成,2020-07-17,16.61,16.18,3452164800.0,建筑安装业,2020-07,2020,1.0
603929.SH,亚翔集成,2020-07-20,16.27,16.65,3552444000.0,建筑安装业,2020-07,2020,1.0
603929.SH,亚翔集成,2020-07-21,16.6,16.38,3494836800.0,建筑安装业,2020-07,2020,1.0
603929.SH,亚翔集成,2020-07-22,16.38,16.46,3511905600.0,建筑安装业,2020-07,2020,1.0
603929.SH,亚翔集成,2020-07-23,16.6,16.72,3567379200.0,建筑安装业,2020-07,2020,1.0
603929.SH,亚翔集成,2020-07-24,16.42,15.74,3358286400.0,建筑安装业,2020-07,2020,1.0
603929.SH,亚翔集成,2020-07-27,15.78,15.37,3279343200.0,建筑安装业,2020-07,2020,1.0
603929.SH,亚翔集成,2020-07-28,15.47,15.93,3398824800.0,建筑安装业,2020-07,2020,1.0
603929.SH,亚翔集成,2020-07-29,15.55,16.09,3432962400.0,建筑安装业,2020-07,2020,1.0
603929.SH,亚翔集成,2020-07-30,16.1,15.81,3373221600.0,建筑安装业,2020-07,2020,1.0
603929.SH,亚翔集成,2020-07-31,15.78,16.04,3422294400.0,建筑安装业,2020-07,2020,1.0
603929.SH,亚翔集成,2020-08-03,16.11,16.68,3558844800.0,建筑安装业,2020-08,2020,1.0
603929.SH,亚翔集成,2020-08-04,16.63,16.31,3479901600.0,建筑安装业,2020-08,2020,1.0
603929.SH,亚翔集成,2020-08-05,16.96,16.72,3567379200.0,建筑安装业,2020-08,2020,1.0
603929.SH,亚翔集成,2020-08-06,16.68,18.39,3923690400.0,建筑安装业,2020-08,2020,1.0
603929.SH,亚翔集成,2020-08-07,19.0,18.53,3953560800.0,建筑安装业,2020-08,2020,1.0
603929.SH,亚翔集成,2020-08-10,17.8,17.76,3789273600.0,建筑安装业,2020-08,2020,1.0
603929.SH,亚翔集成,2020-08-11,17.63,16.88,3601516800.0,建筑安装业,2020-08,2020,1.0
603929.SH,亚翔集成,2020-08-12,16.79,16.68,3558844800.0,建筑安装业,2020-08,2020,1.0
603929.SH,亚翔集成,2020-08-13,16.7,16.69,3560978400.0,建筑安装业,2020-08,2020,1.0
603929.SH,亚翔集成,2020-08-14,16.63,16.7,3563112000.0,建筑安装业,2020-08,2020,1.0
603929.SH,亚翔集成,2020-08-17,16.65,16.96,3618585600.0,建筑安装业,2020-08,2020,1.0
603929.SH,亚翔集成,2020-08-18,16.96,17.31,3693261600.0,建筑安装业,2020-08,2020,1.0
603929.SH,亚翔集成,2020-08-19,17.29,16.59,3539642400.0,建筑安装业,2020-08,2020,1.0
603929.SH,亚翔集成,2020-08-20,16.37,16.18,3452164800.0,建筑安装业,2020-08,2020,1.0
603929.SH,亚翔集成,2020-08-21,16.25,16.05,3424428000.0,建筑安装业,2020-08,2020,1.0
603929.SH,亚翔集成,2020-08-24,16.05,16.3,3477768000.0,建筑安装业,2020-08,2020,1.0
603929.SH,亚翔集成,2020-08-25,16.29,16.14,3443630400.0,建筑安装业,2020-08,2020,1.0
603929.SH,亚翔集成,2020-08-26,16.19,15.81,3373221600.0,建筑安装业,2020-08,2020,1.0
603929.SH,亚翔集成,2020-08-27,15.78,16.03,3420160800.0,建筑安装业,2020-08,2020,1.0
603929.SH,亚翔集成,2020-08-28,16.03,16.15,3445764000.0,建筑安装业,2020-08,2020,1.0
603929.SH,亚翔集成,2020-08-31,16.21,16.08,3430828800.0,建筑安装业,2020-08,2020,1.0
603929.SH,亚翔集成,2020-09-01,16.11,16.18,3452164800.0,建筑安装业,2020-09,2020,1.0
603929.SH,亚翔集成,2020-09-02,16.16,16.09,3432962400.0,建筑安装业,2020-09,2020,1.0
603929.SH,亚翔集成,2020-09-03,16.3,16.03,3420160800.0,建筑安装业,2020-09,2020,1.0
603929.SH,亚翔集成,2020-09-04,15.8,16.29,3475634400.0,建筑安装业,2020-09,2020,1.0
603929.SH,亚翔集成,2020-09-07,16.36,16.42,3503371200.0,建筑安装业,2020-09,2020,1.0
603929.SH,亚翔集成,2020-09-08,16.5,16.28,3473500800.0,建筑安装业,2020-09,2020,1.0
603929.SH,亚翔集成,2020-09-09,16.16,15.89,3390290400.0,建筑安装业,2020-09,2020,1.0
603929.SH,亚翔集成,2020-09-10,15.95,15.13,3228136800.0,建筑安装业,2020-09,2020,1.0
603929.SH,亚翔集成,2020-09-11,15.12,15.23,3249472800.0,建筑安装业,2020-09,2020,1.0
603929.SH,亚翔集成,2020-09-14,15.33,15.45,3296412000.0,建筑安装业,2020-09,2020,1.0
603929.SH,亚翔集成,2020-09-15,15.44,15.33,3270808800.0,建筑安装业,2020-09,2020,1.0
603929.SH,亚翔集成,2020-09-16,15.35,15.06,3213201600.0,建筑安装业,2020-09,2020,1.0
603929.SH,亚翔集成,2020-09-17,14.98,15.23,3249472800.0,建筑安装业,2020-09,2020,1.0
603929.SH,亚翔集成,2020-09-18,15.21,15.44,3294278400.0,建筑安装业,2020-09,2020,1.0
603929.SH,亚翔集成,2020-09-21,15.45,15.52,3311347200.0,建筑安装业,2020-09,2020,1.0
603929.SH,亚翔集成,2020-09-22,15.34,15.18,3238804800.0,建筑安装业,2020-09,2020,1.0
603929.SH,亚翔集成,2020-09-23,15.2,15.2,3243072000.0,建筑安装业,2020-09,2020,1.0
603929.SH,亚翔集成,2020-09-24,15.2,14.8,3157728000.0,建筑安装业,2020-09,2020,1.0
603929.SH,亚翔集成,2020-09-25,14.98,14.49,3091586400.0,建筑安装业,2020-09,2020,1.0
603929.SH,亚翔集成,2020-09-28,14.49,14.05,2997708000.0,建筑安装业,2020-09,2020,1.0
603929.SH,亚翔集成,2020-09-29,14.09,14.18,3025444800.0,建筑安装业,2020-09,2020,1.0
603929.SH,亚翔集成,2020-09-30,14.18,14.01,2989173600.0,建筑安装业,2020-09,2020,1.0
603929.SH,亚翔集成,2020-10-09,14.2,14.5,3093720000.0,建筑安装业,2020-10,2020,1.0
603929.SH,亚翔集成,2020-10-12,14.6,14.97,3193999200.0,建筑安装业,2020-10,2020,1.0
603929.SH,亚翔集成,2020-10-13,14.95,14.97,3193999200.0,建筑安装业,2020-10,2020,1.0
603929.SH,亚翔集成,2020-10-14,14.94,14.78,3153460800.0,建筑安装业,2020-10,2020,1.0
603929.SH,亚翔集成,2020-10-15,14.7,14.54,3102254400.0,建筑安装业,2020-10,2020,1.0
603929.SH,亚翔集成,2020-10-16,14.5,14.43,3078784800.0,建筑安装业,2020-10,2020,1.0
603929.SH,亚翔集成,2020-10-19,14.46,14.47,3087319200.0,建筑安装业,2020-10,2020,1.0
603929.SH,亚翔集成,2020-10-20,14.4,14.66,3127857600.0,建筑安装业,2020-10,2020,1.0
603929.SH,亚翔集成,2020-10-21,14.67,14.36,3063849600.0,建筑安装业,2020-10,2020,1.0
603929.SH,亚翔集成,2020-10-22,14.32,14.78,3153460800.0,建筑安装业,2020-10,2020,1.0
603929.SH,亚翔集成,2020-10-23,14.78,14.55,3104388000.0,建筑安装业,2020-10,2020,1.0
603929.SH,亚翔集成,2020-10-26,14.54,14.54,3102254400.0,建筑安装业,2020-10,2020,1.0
603929.SH,亚翔集成,2020-10-27,14.57,14.31,3053181600.0,建筑安装业,2020-10,2020,1.0
603929.SH,亚翔集成,2020-10-28,14.44,14.31,3053181600.0,建筑安装业,2020-10,2020,1.0
603929.SH,亚翔集成,2020-10-29,14.15,14.06,2999841600.0,建筑安装业,2020-10,2020,1.0
603929.SH,亚翔集成,2020-10-30,14.05,13.12,2799283200.0,建筑安装业,2020-10,2020,1.0
603929.SH,亚翔集成,2020-11-02,13.2,12.8,2731008000.0,建筑安装业,2020-11,2020,1.0
603929.SH,亚翔集成,2020-11-03,13.03,13.55,2891028000.0,建筑安装业,2020-11,2020,1.0
603929.SH,亚翔集成,2020-11-04,13.68,13.43,2865424800.0,建筑安装业,2020-11,2020,1.0
603929.SH,亚翔集成,2020-11-05,13.43,13.53,2886760800.0,建筑安装业,2020-11,2020,1.0
603929.SH,亚翔集成,2020-11-06,13.55,13.64,2910230400.0,建筑安装业,2020-11,2020,1.0
603929.SH,亚翔集成,2020-11-09,13.67,14.11,3010509600.0,建筑安装业,2020-11,2020,1.0
603929.SH,亚翔集成,2020-11-10,14.1,14.01,2989173600.0,建筑安装业,2020-11,2020,1.0
603929.SH,亚翔集成,2020-11-11,14.12,13.64,2910230400.0,建筑安装业,2020-11,2020,1.0
603929.SH,亚翔集成,2020-11-12,13.65,13.7,2923032000.0,建筑安装业,2020-11,2020,1.0
603929.SH,亚翔集成,2020-11-13,13.7,13.84,2952902400.0,建筑安装业,2020-11,2020,1.0
603929.SH,亚翔集成,2020-11-16,13.86,13.64,2910230400.0,建筑安装业,2020-11,2020,1.0
603929.SH,亚翔集成,2020-11-17,13.71,13.44,2867558400.0,建筑安装业,2020-11,2020,1.0
603929.SH,亚翔集成,2020-11-18,13.41,13.6,2901696000.0,建筑安装业,2020-11,2020,1.0
603929.SH,亚翔集成,2020-11-19,13.51,13.54,2888894400.0,建筑安装业,2020-11,2020,1.0
603929.SH,亚翔集成,2020-11-20,13.48,13.33,2844088800.0,建筑安装业,2020-11,2020,1.0
603929.SH,亚翔集成,2020-11-23,13.12,13.33,2844088800.0,建筑安装业,2020-11,2020,1.0
603929.SH,亚翔集成,2020-11-24,13.25,13.26,2829153600.0,建筑安装业,2020-11,2020,1.0
603929.SH,亚翔集成,2020-11-25,13.44,13.22,2820619200.0,建筑安装业,2020-11,2020,1.0
603929.SH,亚翔集成,2020-11-26,13.26,12.97,2767279200.0,建筑安装业,2020-11,2020,1.0
603929.SH,亚翔集成,2020-11-27,12.97,13.03,2780080800.0,建筑安装业,2020-11,2020,1.0
603929.SH,亚翔集成,2020-11-30,13.04,13.0,2773680000.0,建筑安装业,2020-11,2020,1.0
603929.SH,亚翔集成,2020-12-01,13.02,13.16,2807817600.0,建筑安装业,2020-12,2020,1.0
603929.SH,亚翔集成,2020-12-02,13.19,13.38,2854756800.0,建筑安装业,2020-12,2020,1.0
603929.SH,亚翔集成,2020-12-03,13.4,14.72,3140659200.0,建筑安装业,2020-12,2020,1.0
603929.SH,亚翔集成,2020-12-04,15.0,15.49,3304946400.0,建筑安装业,2020-12,2020,1.0
603929.SH,亚翔集成,2020-12-07,15.18,14.8,3157728000.0,建筑安装业,2020-12,2020,1.0
603929.SH,亚翔集成,2020-12-08,14.4,14.87,3172663200.0,建筑安装业,2020-12,2020,1.0
603929.SH,亚翔集成,2020-12-09,14.8,15.4,3285744000.0,建筑安装业,2020-12,2020,1.0
603929.SH,亚翔集成,2020-12-10,14.93,14.6,3115056000.0,建筑安装业,2020-12,2020,1.0
603929.SH,亚翔集成,2020-12-11,14.54,13.63,2908096800.0,建筑安装业,2020-12,2020,1.0
603929.SH,亚翔集成,2020-12-14,13.47,13.39,2856890400.0,建筑安装业,2020-12,2020,1.0
603929.SH,亚翔集成,2020-12-15,13.33,12.91,2754477600.0,建筑安装业,2020-12,2020,1.0
603929.SH,亚翔集成,2020-12-16,12.77,12.4,2645664000.0,建筑安装业,2020-12,2020,1.0
603929.SH,亚翔集成,2020-12-17,12.35,12.51,2669133600.0,建筑安装业,2020-12,2020,1.0
603929.SH,亚翔集成,2020-12-18,12.56,12.52,2671267200.0,建筑安装业,2020-12,2020,1.0
603929.SH,亚翔集成,2020-12-21,12.44,12.48,2662732800.0,建筑安装业,2020-12,2020,1.0
603929.SH,亚翔集成,2020-12-22,12.51,12.1,2581656000.0,建筑安装业,2020-12,2020,1.0
603929.SH,亚翔集成,2020-12-23,12.02,12.01,2562453600.0,建筑安装业,2020-12,2020,1.0
603929.SH,亚翔集成,2020-12-24,11.95,11.47,2447239200.0,建筑安装业,2020-12,2020,1.0
603929.SH,亚翔集成,2020-12-25,11.59,11.52,2457907200.0,建筑安装业,2020-12,2020,1.0
603929.SH,亚翔集成,2020-12-28,11.49,11.07,2361895200.0,建筑安装业,2020-12,2020,1.0
603929.SH,亚翔集成,2020-12-29,11.02,11.17,2383231200.0,建筑安装业,2020-12,2020,1.0
603929.SH,亚翔集成,2020-12-30,11.12,11.16,2381097600.0,建筑安装业,2020-12,2020,1.0
